id,smile,seq,label
1tca0,CC(C(=O)Oc1ccc(N(=O)=O)cc1)c3ccc(c2ccccc2)c(F)c3,LPSGSDPAFSQPKSVLDAGLTCQGASPSSVSKPILLVPGTGTTGPQSFDSNWIPLSTQLGYTPCWISPPPFMLNDTQVNTEYMVNAITALYAGSGNNKLPVLTWSQGGLVAQWGLTFFPSIRSKVDRLMAFAPDYKGTVLAGPLDALAVSAPSVWQQTTGSALTTALRNAGGLTQIVPTTNLYSATDEIVQPQVSNSPLDSSYLFNGKNVQAQAVCGPLFVIDHAGSLTSQFSYVVGRSALRSTTGQARSADYGITDCNPLPANDLTPEQKVAAAALLAPAAAAIVAGPKQNCEPDLMPYARPFAVGKRTCSGIVTP,0.0
1tca0,CC(C)Cc2ccc(C(C)C(=O)Oc1ccc(N(=O)=O)cc1)cc2,LPSGSDPAFSQPKSVLDAGLTCQGASPSSVSKPILLVPGTGTTGPQSFDSNWIPLSTQLGYTPCWISPPPFMLNDTQVNTEYMVNAITALYAGSGNNKLPVLTWSQGGLVAQWGLTFFPSIRSKVDRLMAFAPDYKGTVLAGPLDALAVSAPSVWQQTTGSALTTALRNAGGLTQIVPTTNLYSATDEIVQPQVSNSPLDSSYLFNGKNVQAQAVCGPLFVIDHAGSLTSQFSYVVGRSALRSTTGQARSADYGITDCNPLPANDLTPEQKVAAAALLAPAAAAIVAGPKQNCEPDLMPYARPFAVGKRTCSGIVTP,0.021
1tca0,CC(C(=O)Oc1ccc(N(=O)=O)cc1)c3cccc(C(=O)c2ccccc2)c3,LPSGSDPAFSQPKSVLDAGLTCQGASPSSVSKPILLVPGTGTTGPQSFDSNWIPLSTQLGYTPCWISPPPFMLNDTQVNTEYMVNAITALYAGSGNNKLPVLTWSQGGLVAQWGLTFFPSIRSKVDRLMAFAPDYKGTVLAGPLDALAVSAPSVWQQTTGSALTTALRNAGGLTQIVPTTNLYSATDEIVQPQVSNSPLDSSYLFNGKNVQAQAVCGPLFVIDHAGSLTSQFSYVVGRSALRSTTGQARSADYGITDCNPLPANDLTPEQKVAAAALLAPAAAAIVAGPKQNCEPDLMPYARPFAVGKRTCSGIVTP,0.007
1tca0,CC(=O)OC(C)c1ccccc1,LPSGSDPAFSQPKSVLDAGLTCQGASPSSVSKPILLVPGTGTTGPQSFDSNWIPLSTQLGYTPCWISPPPFMLNDTQVNTEYMVNAITALYAGSGNNKLPVLTWSQGGLVAQWGLTFFPSIRSKVDRLMAFAPDYKGTVLAGPLDALAVSAPSVWQQTTGSALTTALRNAGGLTQIVPTTNLYSATDEIVQPQVSNSPLDSSYLFNGKNVQAQAVCGPLFVIDHAGSLTSQFSYVVGRSALRSTTGQARSADYGITDCNPLPANDLTPEQKVAAAALLAPAAAAIVAGPKQNCEPDLMPYARPFAVGKRTCSGIVTP,0.49
1tca0,CCC(OC(C)=O)c1ccccc1,LPSGSDPAFSQPKSVLDAGLTCQGASPSSVSKPILLVPGTGTTGPQSFDSNWIPLSTQLGYTPCWISPPPFMLNDTQVNTEYMVNAITALYAGSGNNKLPVLTWSQGGLVAQWGLTFFPSIRSKVDRLMAFAPDYKGTVLAGPLDALAVSAPSVWQQTTGSALTTALRNAGGLTQIVPTTNLYSATDEIVQPQVSNSPLDSSYLFNGKNVQAQAVCGPLFVIDHAGSLTSQFSYVVGRSALRSTTGQARSADYGITDCNPLPANDLTPEQKVAAAALLAPAAAAIVAGPKQNCEPDLMPYARPFAVGKRTCSGIVTP,0.47
1tca0,C=CCC(OC(C)=O)c1ccccc1,LPSGSDPAFSQPKSVLDAGLTCQGASPSSVSKPILLVPGTGTTGPQSFDSNWIPLSTQLGYTPCWISPPPFMLNDTQVNTEYMVNAITALYAGSGNNKLPVLTWSQGGLVAQWGLTFFPSIRSKVDRLMAFAPDYKGTVLAGPLDALAVSAPSVWQQTTGSALTTALRNAGGLTQIVPTTNLYSATDEIVQPQVSNSPLDSSYLFNGKNVQAQAVCGPLFVIDHAGSLTSQFSYVVGRSALRSTTGQARSADYGITDCNPLPANDLTPEQKVAAAALLAPAAAAIVAGPKQNCEPDLMPYARPFAVGKRTCSGIVTP,0.49
1tca0,CC(C(=O)Oc1ccc([N+](=O)[O-])cc1)c1ccccc1,LPSGSDPAFSQPKSVLDAGLTCQGASPSSVSKPILLVPGTGTTGPQSFDSNWIPLSTQLGYTPCWISPPPFMLNDTQVNTEYMVNAITALYAGSGNNKLPVLTWSQGGLVAQWGLTFFPSIRSKVDRLMAFAPDYKGTVLAGPLDALAVSAPSVWQQTTGSALTTALRNAGGLTQIVPTTNLYSATDEIVQPQVSNSPLDSSYLFNGKNVQAQAVCGPLFVIDHAGSLTSQFSYVVGRSALRSTTGQARSADYGITDCNPLPANDLTPEQKVAAAALLAPAAAAIVAGPKQNCEPDLMPYARPFAVGKRTCSGIVTP,0.41
1tca0,COc1ccc2cc(C(C)C(=O)Oc3ccc([N+](=O)[O-])cc3)ccc2c1,LPSGSDPAFSQPKSVLDAGLTCQGASPSSVSKPILLVPGTGTTGPQSFDSNWIPLSTQLGYTPCWISPPPFMLNDTQVNTEYMVNAITALYAGSGNNKLPVLTWSQGGLVAQWGLTFFPSIRSKVDRLMAFAPDYKGTVLAGPLDALAVSAPSVWQQTTGSALTTALRNAGGLTQIVPTTNLYSATDEIVQPQVSNSPLDSSYLFNGKNVQAQAVCGPLFVIDHAGSLTSQFSYVVGRSALRSTTGQARSADYGITDCNPLPANDLTPEQKVAAAALLAPAAAAIVAGPKQNCEPDLMPYARPFAVGKRTCSGIVTP,0.09
1tca0,CCCCCCCCC(C)C(=O)Oc1ccc([N+](=O)[O-])cc1,LPSGSDPAFSQPKSVLDAGLTCQGASPSSVSKPILLVPGTGTTGPQSFDSNWIPLSTQLGYTPCWISPPPFMLNDTQVNTEYMVNAITALYAGSGNNKLPVLTWSQGGLVAQWGLTFFPSIRSKVDRLMAFAPDYKGTVLAGPLDALAVSAPSVWQQTTGSALTTALRNAGGLTQIVPTTNLYSATDEIVQPQVSNSPLDSSYLFNGKNVQAQAVCGPLFVIDHAGSLTSQFSYVVGRSALRSTTGQARSADYGITDCNPLPANDLTPEQKVAAAALLAPAAAAIVAGPKQNCEPDLMPYARPFAVGKRTCSGIVTP,0.68
1tca0,CCCCC(CC)C(=O)Oc1ccc([N+](=O)[O-])cc1,LPSGSDPAFSQPKSVLDAGLTCQGASPSSVSKPILLVPGTGTTGPQSFDSNWIPLSTQLGYTPCWISPPPFMLNDTQVNTEYMVNAITALYAGSGNNKLPVLTWSQGGLVAQWGLTFFPSIRSKVDRLMAFAPDYKGTVLAGPLDALAVSAPSVWQQTTGSALTTALRNAGGLTQIVPTTNLYSATDEIVQPQVSNSPLDSSYLFNGKNVQAQAVCGPLFVIDHAGSLTSQFSYVVGRSALRSTTGQARSADYGITDCNPLPANDLTPEQKVAAAALLAPAAAAIVAGPKQNCEPDLMPYARPFAVGKRTCSGIVTP,0.14
1tca0,CCOC(=O)C(C)c1ccccc1,LPSGSDPAFSQPKSVLDAGLTCQGASPSSVSKPILLVPGTGTTGPQSFDSNWIPLSTQLGYTPCWISPPPFMLNDTQVNTEYMVNAITALYAGSGNNKLPVLTWSQGGLVAQWGLTFFPSIRSKVDRLMAFAPDYKGTVLAGPLDALAVSAPSVWQQTTGSALTTALRNAGGLTQIVPTTNLYSATDEIVQPQVSNSPLDSSYLFNGKNVQAQAVCGPLFVIDHAGSLTSQFSYVVGRSALRSTTGQARSADYGITDCNPLPANDLTPEQKVAAAALLAPAAAAIVAGPKQNCEPDLMPYARPFAVGKRTCSGIVTP,0.48
1tca0,CC(=O)OC(C)c1ccccc1,LPSGSDPAFSQPKSVLDAGLTCQGASPSSVSKPILLVPGTGTTGPQSFDSNWIPLSTQLGYTPCWISPPPFMLNDTQVNTEYMVNAITALYAGSGNNKLPVLTWSQGGLVAQWGLTFFPSIRSKVDRLMAFAPDYKGTVLAGPLDALAVSAPSVWQQTTGSALTTALRNAGGLTQIVPTTNLYSATDEIVQPQVSNSPLDSSYLFNGKNVQAQAVCGPLFVIDHAGSLTSQFSYVVGRSALRSTTGQARSADYGITDCNPLPANDLTPEQKVAAAALLAPAAAAIVAGPKQNCEPDLMPYARPFAVGKRTCSGIVTP,0.5
1tca0,CCC(C(=O)Oc1ccc(N([O-])[O-])cc1)c1ccccc1,LPSGSDPAFSQPKSVLDAGLTCQGASPSSVSKPILLVPGTGTTGPQSFDSNWIPLSTQLGYTPCWISPPPFMLNDTQVNTEYMVNAITALYAGSGNNKLPVLTWSQGGLVAQWGLTFFPSIRSKVDRLMAFAPDYKGTVLAGPLDALAVSAPSVWQQTTGSALTTALRNAGGLTQIVPTTNLYSATDEIVQPQVSNSPLDSSYLFNGKNVQAQAVCGPLFVIDHAGSLTSQFSYVVGRSALRSTTGQARSADYGITDCNPLPANDLTPEQKVAAAALLAPAAAAIVAGPKQNCEPDLMPYARPFAVGKRTCSGIVTP,0.11
1tca0,Cc2ccc(C(C)C(=O)Oc1ccc(N(=O)=O)cc1)cc2,LPSGSDPAFSQPKSVLDAGLTCQGASPSSVSKPILLVPGTGTTGPQSFDSNWIPLSTQLGYTPCWISPPPFMLNDTQVNTEYMVNAITALYAGSGNNKLPVLTWSQGGLVAQWGLTFFPSIRSKVDRLMAFAPDYKGTVLAGPLDALAVSAPSVWQQTTGSALTTALRNAGGLTQIVPTTNLYSATDEIVQPQVSNSPLDSSYLFNGKNVQAQAVCGPLFVIDHAGSLTSQFSYVVGRSALRSTTGQARSADYGITDCNPLPANDLTPEQKVAAAALLAPAAAAIVAGPKQNCEPDLMPYARPFAVGKRTCSGIVTP,0.39
1tca0,CC(C)Cc1ccc(C(C)C(=O)Oc2ccc([N+](=O)[O-])cc2)cc1,LPSGSDPAFSQPKSVLDAGLTCQGASPSSVSKPILLVPGTGTTGPQSFDSNWIPLSTQLGYTPCWISPPPFMLNDTQVNTEYMVNAITALYAGSGNNKLPVLTWSQGGLVAQWGLTFFPSIRSKVDRLMAFAPDYKGTVLAGPLDALAVSAPSVWQQTTGSALTTALRNAGGLTQIVPTTNLYSATDEIVQPQVSNSPLDSSYLFNGKNVQAQAVCGPLFVIDHAGSLTSQFSYVVGRSALRSTTGQARSADYGITDCNPLPANDLTPEQKVAAAALLAPAAAAIVAGPKQNCEPDLMPYARPFAVGKRTCSGIVTP,0.11
1tca0,CC(C(=O)Oc1ccc([N+](=O)[O-])cc1)c1ccc(-c2ccccc2)c(F)c1,LPSGSDPAFSQPKSVLDAGLTCQGASPSSVSKPILLVPGTGTTGPQSFDSNWIPLSTQLGYTPCWISPPPFMLNDTQVNTEYMVNAITALYAGSGNNKLPVLTWSQGGLVAQWGLTFFPSIRSKVDRLMAFAPDYKGTVLAGPLDALAVSAPSVWQQTTGSALTTALRNAGGLTQIVPTTNLYSATDEIVQPQVSNSPLDSSYLFNGKNVQAQAVCGPLFVIDHAGSLTSQFSYVVGRSALRSTTGQARSADYGITDCNPLPANDLTPEQKVAAAALLAPAAAAIVAGPKQNCEPDLMPYARPFAVGKRTCSGIVTP,0.13
1tca0,CC(C(=O)Oc1ccc([N+](=O)[O-])cc1)c1cccc(C(=O)c2ccccc2)c1,LPSGSDPAFSQPKSVLDAGLTCQGASPSSVSKPILLVPGTGTTGPQSFDSNWIPLSTQLGYTPCWISPPPFMLNDTQVNTEYMVNAITALYAGSGNNKLPVLTWSQGGLVAQWGLTFFPSIRSKVDRLMAFAPDYKGTVLAGPLDALAVSAPSVWQQTTGSALTTALRNAGGLTQIVPTTNLYSATDEIVQPQVSNSPLDSSYLFNGKNVQAQAVCGPLFVIDHAGSLTSQFSYVVGRSALRSTTGQARSADYGITDCNPLPANDLTPEQKVAAAALLAPAAAAIVAGPKQNCEPDLMPYARPFAVGKRTCSGIVTP,0.31
1tca0,CC(C(=O)Oc1ccc([N+](=O)[O-])cc1)c1cccc(Oc2ccccc2)c1,LPSGSDPAFSQPKSVLDAGLTCQGASPSSVSKPILLVPGTGTTGPQSFDSNWIPLSTQLGYTPCWISPPPFMLNDTQVNTEYMVNAITALYAGSGNNKLPVLTWSQGGLVAQWGLTFFPSIRSKVDRLMAFAPDYKGTVLAGPLDALAVSAPSVWQQTTGSALTTALRNAGGLTQIVPTTNLYSATDEIVQPQVSNSPLDSSYLFNGKNVQAQAVCGPLFVIDHAGSLTSQFSYVVGRSALRSTTGQARSADYGITDCNPLPANDLTPEQKVAAAALLAPAAAAIVAGPKQNCEPDLMPYARPFAVGKRTCSGIVTP,0.25
1tca1,CC(C(=O)Oc1ccc([N+](=O)[O-])cc1)c1ccccc1,LPSGSDPAFSQPKSVLDAGLTCQGASPSSVSKPILLVPGTGTTGPQSFDSNWIPLSTQLGYTPCWISPPPFMLNDTQVNTEYMVNAITALYAGSGNNKLPVLTCSQGGLVAQWGLTFFPSIRSKVDRLMAFAPDYKGTVLAGPLDALAVSAPSVWQQTTGSALTTALRNAGGLTQIVPTTNLYSATDEIVQPQVSNSPLDSSYLFNGKNVQAQAVCGPLFVIDHAGSLTSQFSYVVGRSALRSTTGQARSADYGITDCNPLPANDLTPEQKVAAAALLAPAAAAIVAGPKQNCEPDLMPYARPFAVGKRTCSGIVTP,0.29
1tca1,CCCCC(CC)C(=O)Oc1ccc([N+](=O)[O-])cc1,LPSGSDPAFSQPKSVLDAGLTCQGASPSSVSKPILLVPGTGTTGPQSFDSNWIPLSTQLGYTPCWISPPPFMLNDTQVNTEYMVNAITALYAGSGNNKLPVLTCSQGGLVAQWGLTFFPSIRSKVDRLMAFAPDYKGTVLAGPLDALAVSAPSVWQQTTGSALTTALRNAGGLTQIVPTTNLYSATDEIVQPQVSNSPLDSSYLFNGKNVQAQAVCGPLFVIDHAGSLTSQFSYVVGRSALRSTTGQARSADYGITDCNPLPANDLTPEQKVAAAALLAPAAAAIVAGPKQNCEPDLMPYARPFAVGKRTCSGIVTP,0.28
1tca5,CC(C(=O)Oc1ccc([N+](=O)[O-])cc1)c1ccccc1,LPSGSDPAFSQPKSVLDAGLTCQGASPSSVSKPILLVPGTGTTGPQSFDSNWIPLSTQLGYTPCWISPPPFMLNDTQVNTEYMVNAITALYAGSGNNKLPVLTCSQGGLVAQWGLTFFPSIRSKVDRLMAFAPDYKGTVLAGPLDALAVSAPSVWQQTTGSALTTALRNAGGLTQIVPTTNLYSATDEIVQPQVSNSPLDSSYLFNGKNVQAQAVCGPLFVIDHAGSLTSQFSYVVGRSALRSTTGQARSADYGITDCNPLPANDLTPEQKVAAAALLAPCFAAIVAGPKQNCEPDLMPYARPFAVGKRTCSGIVTP,0.29
1tca7,CC(C(=O)Oc1ccc([N+](=O)[O-])cc1)c1ccccc1,LPSGSDPAFSQPKSVLDAGLTCQGASPSSVSKPILLVPGTGTTGPQSFDSNWIPLSTQLGYTPCWISPPPFMLNDTQVNTEYMVNAITALYAGSGNNKLPVLTCSQGGLVAQWGLTFFPSIRSKVDRLMAFAPDYKGTVLAGPLDALAVSAPSVWQQTTGSALTTALRNAGGLTQIVPTTNLYSATDEIVQPQVSNSPLDSSYLFNGKNVQAQAVCGPLFVIDHAGSLTSQFSYVVGRSALRSTTGQARSADYGITDCNPLPANDLTPEQKVAAAALLAPVVAAIVAGPKQNCEPDLMPYARPFAVGKRTCSGIVTP,0.4
1tca8,CC(C(=O)Oc1ccc([N+](=O)[O-])cc1)c1ccccc1,LPSGSDPAFSQPKSVLDAGLTCQGASPSSVSKPILLVPGTGTTGPQSFDSNWIPLSTQLGYTPCWISPPPFMLNDTQVNTEYMVNAITALYAGSGNNKLPVLTCSQGGLVAQWGLTFFPSIRSKVDRLMAFAPDYKGTVLAGPYDALAISAPSVWQQTTGSALTTALRNAGGLTQIVPTTNLYSATDEIVQPQVSNSPLDSSYLFNGKNVQAQAVCGPLFVIDHAGSLTSQFSYVVGRSALRSTTGQARSADYGITDCNPLPANDLTPEQKVAAAALLAPCFAAIVAGPKQNCEPDLMPYARPFAVGKRTCSGIVTP,0.45
1tca8,CCCCCCCCC(C)C(=O)Oc1ccc([N+](=O)[O-])cc1,LPSGSDPAFSQPKSVLDAGLTCQGASPSSVSKPILLVPGTGTTGPQSFDSNWIPLSTQLGYTPCWISPPPFMLNDTQVNTEYMVNAITALYAGSGNNKLPVLTCSQGGLVAQWGLTFFPSIRSKVDRLMAFAPDYKGTVLAGPYDALAISAPSVWQQTTGSALTTALRNAGGLTQIVPTTNLYSATDEIVQPQVSNSPLDSSYLFNGKNVQAQAVCGPLFVIDHAGSLTSQFSYVVGRSALRSTTGQARSADYGITDCNPLPANDLTPEQKVAAAALLAPCFAAIVAGPKQNCEPDLMPYARPFAVGKRTCSGIVTP,0.23
1tca8,CC(C(=O)Oc1ccc([N+](=O)[O-])cc1)c1ccc(-c2ccccc2)c(F)c1,LPSGSDPAFSQPKSVLDAGLTCQGASPSSVSKPILLVPGTGTTGPQSFDSNWIPLSTQLGYTPCWISPPPFMLNDTQVNTEYMVNAITALYAGSGNNKLPVLTCSQGGLVAQWGLTFFPSIRSKVDRLMAFAPDYKGTVLAGPYDALAISAPSVWQQTTGSALTTALRNAGGLTQIVPTTNLYSATDEIVQPQVSNSPLDSSYLFNGKNVQAQAVCGPLFVIDHAGSLTSQFSYVVGRSALRSTTGQARSADYGITDCNPLPANDLTPEQKVAAAALLAPCFAAIVAGPKQNCEPDLMPYARPFAVGKRTCSGIVTP,0.23
1tca9,CCC(C(=O)Oc1ccc(N([O-])[O-])cc1)c1ccccc1,LPSGSDPAFSQPKSVLDAGLTCQGASPSSVSKPILLVPGTGTTGPQSFDSNWIPLSTQLGYTPCWISPPPFMLNDTQVNTEYMVNAITALYAGSGNNKLPVLTCSQGGLVAQWGLTFFPSIRSKVDRLMAFAPDYKGTVLAGPYDALAVSAPSVWQQTTGSALTTALRNAGGLTQIVPTTNLYSATDEIVQPQVSNSPLDSSYLFNGKNVQAQAVCGPLFVIDHAGSLTSQFSYVVGRSALRSTTGQARSADYGITDCNPLPANDLTPEQKVAAAALLAPCFAAIVAGPKQNCEPDLMPYARPFAVGKRTCSGIVTP,0.42
1tca10,CCC(C(=O)Oc1ccc(N([O-])[O-])cc1)c1ccccc1,LPSGSDPAFSQPKSVLDAGLTCQGASPSSVSKPILLVPGTGTTGPQSFDSNWIPLSTQLGYTPCWISPPPFMLNDTQVNTEYMVNAITALYAGSGNNKLPVLTCSQGGLVAQWGLTFFPSIRSKVDRLMAFAPDYKGTVLAGPLDALADSAPSVWQQTTGSALTTALRNAGGLTQIVPTTNLYSATDEIVQPQVSNSPLDSSYLFNGKNVQAQAVCGPLFVIDHAGSLTSQFSYVVGRSALRSTTGQARSADYGITDCNPLPANDLTPEQKVAAAALLAPCFAAIVAGPKQNCEPDLMPYARPFAVGKRTCSGIVTP,0.49
1tca10,Cc2ccc(C(C)C(=O)Oc1ccc(N(=O)=O)cc1)cc2,LPSGSDPAFSQPKSVLDAGLTCQGASPSSVSKPILLVPGTGTTGPQSFDSNWIPLSTQLGYTPCWISPPPFMLNDTQVNTEYMVNAITALYAGSGNNKLPVLTCSQGGLVAQWGLTFFPSIRSKVDRLMAFAPDYKGTVLAGPLDALADSAPSVWQQTTGSALTTALRNAGGLTQIVPTTNLYSATDEIVQPQVSNSPLDSSYLFNGKNVQAQAVCGPLFVIDHAGSLTSQFSYVVGRSALRSTTGQARSADYGITDCNPLPANDLTPEQKVAAAALLAPCFAAIVAGPKQNCEPDLMPYARPFAVGKRTCSGIVTP,0.44
1tca11,CC(C(=O)Oc1ccc([N+](=O)[O-])cc1)c1ccccc1,LPSGSDPAFSQPKSVLDAGLTCQGASPSSVSKPILLVPGTGTTGPQSFDSNWIPLSTQLGYTPCWISPPPFMLNDTQVNTEYMVNAITALYAGSGNNKLPVLTCSQGGLVAQWGLTFFPSIRSKVDRLMAFAPDYKGTVLAGPYDALADSAPSVWQQTTGSALTTALRNAGGLTQIVPTTNLYSATDEIVQPQVSNSPLDSSYLFNGKNVQAQAVCGPLFVIDHAGSLTSQFSYVVGRSALRSTTGQARSADYGITDCNPLPANDLTPEQKVAAAALLAPCFAAIVAGPKQNCEPDLMPYARPFAVGKRTCSGIVTP,0.38
1tca11,COc1ccc2cc(C(C)C(=O)Oc3ccc([N+](=O)[O-])cc3)ccc2c1,LPSGSDPAFSQPKSVLDAGLTCQGASPSSVSKPILLVPGTGTTGPQSFDSNWIPLSTQLGYTPCWISPPPFMLNDTQVNTEYMVNAITALYAGSGNNKLPVLTCSQGGLVAQWGLTFFPSIRSKVDRLMAFAPDYKGTVLAGPYDALADSAPSVWQQTTGSALTTALRNAGGLTQIVPTTNLYSATDEIVQPQVSNSPLDSSYLFNGKNVQAQAVCGPLFVIDHAGSLTSQFSYVVGRSALRSTTGQARSADYGITDCNPLPANDLTPEQKVAAAALLAPCFAAIVAGPKQNCEPDLMPYARPFAVGKRTCSGIVTP,0.25
1tca11,CCOC(=O)C(C)c1ccccc1,LPSGSDPAFSQPKSVLDAGLTCQGASPSSVSKPILLVPGTGTTGPQSFDSNWIPLSTQLGYTPCWISPPPFMLNDTQVNTEYMVNAITALYAGSGNNKLPVLTCSQGGLVAQWGLTFFPSIRSKVDRLMAFAPDYKGTVLAGPYDALADSAPSVWQQTTGSALTTALRNAGGLTQIVPTTNLYSATDEIVQPQVSNSPLDSSYLFNGKNVQAQAVCGPLFVIDHAGSLTSQFSYVVGRSALRSTTGQARSADYGITDCNPLPANDLTPEQKVAAAALLAPCFAAIVAGPKQNCEPDLMPYARPFAVGKRTCSGIVTP,0.23
1tca11,CCC(C(=O)Oc1ccc(N([O-])[O-])cc1)c1ccccc1,LPSGSDPAFSQPKSVLDAGLTCQGASPSSVSKPILLVPGTGTTGPQSFDSNWIPLSTQLGYTPCWISPPPFMLNDTQVNTEYMVNAITALYAGSGNNKLPVLTCSQGGLVAQWGLTFFPSIRSKVDRLMAFAPDYKGTVLAGPYDALADSAPSVWQQTTGSALTTALRNAGGLTQIVPTTNLYSATDEIVQPQVSNSPLDSSYLFNGKNVQAQAVCGPLFVIDHAGSLTSQFSYVVGRSALRSTTGQARSADYGITDCNPLPANDLTPEQKVAAAALLAPCFAAIVAGPKQNCEPDLMPYARPFAVGKRTCSGIVTP,0.46
1tca11,Cc2ccc(C(C)C(=O)Oc1ccc(N(=O)=O)cc1)cc2,LPSGSDPAFSQPKSVLDAGLTCQGASPSSVSKPILLVPGTGTTGPQSFDSNWIPLSTQLGYTPCWISPPPFMLNDTQVNTEYMVNAITALYAGSGNNKLPVLTCSQGGLVAQWGLTFFPSIRSKVDRLMAFAPDYKGTVLAGPYDALADSAPSVWQQTTGSALTTALRNAGGLTQIVPTTNLYSATDEIVQPQVSNSPLDSSYLFNGKNVQAQAVCGPLFVIDHAGSLTSQFSYVVGRSALRSTTGQARSADYGITDCNPLPANDLTPEQKVAAAALLAPCFAAIVAGPKQNCEPDLMPYARPFAVGKRTCSGIVTP,0.48
1tca11,CC(C)Cc1ccc(C(C)C(=O)Oc2ccc([N+](=O)[O-])cc2)cc1,LPSGSDPAFSQPKSVLDAGLTCQGASPSSVSKPILLVPGTGTTGPQSFDSNWIPLSTQLGYTPCWISPPPFMLNDTQVNTEYMVNAITALYAGSGNNKLPVLTCSQGGLVAQWGLTFFPSIRSKVDRLMAFAPDYKGTVLAGPYDALADSAPSVWQQTTGSALTTALRNAGGLTQIVPTTNLYSATDEIVQPQVSNSPLDSSYLFNGKNVQAQAVCGPLFVIDHAGSLTSQFSYVVGRSALRSTTGQARSADYGITDCNPLPANDLTPEQKVAAAALLAPCFAAIVAGPKQNCEPDLMPYARPFAVGKRTCSGIVTP,0.42
1tca11,CC(C(=O)Oc1ccc([N+](=O)[O-])cc1)c1cccc(Oc2ccccc2)c1,LPSGSDPAFSQPKSVLDAGLTCQGASPSSVSKPILLVPGTGTTGPQSFDSNWIPLSTQLGYTPCWISPPPFMLNDTQVNTEYMVNAITALYAGSGNNKLPVLTCSQGGLVAQWGLTFFPSIRSKVDRLMAFAPDYKGTVLAGPYDALADSAPSVWQQTTGSALTTALRNAGGLTQIVPTTNLYSATDEIVQPQVSNSPLDSSYLFNGKNVQAQAVCGPLFVIDHAGSLTSQFSYVVGRSALRSTTGQARSADYGITDCNPLPANDLTPEQKVAAAALLAPCFAAIVAGPKQNCEPDLMPYARPFAVGKRTCSGIVTP,0.3
1tca12,CC(C(=O)Oc1ccc([N+](=O)[O-])cc1)c1ccccc1,LPSGSDPAFSQPKSVLDAGLTCQGASPSSVSKPILLVPGTGTTGPQSFDSNWIPLSTQLGYTPCWISPPPFMLNDTQVNTEYMVNAITALYAGSGNNKLPVLTCSQGGLVAQWGLTFFPSIRSKVDRLMAFAPDYKGTVLAGPYDALAHSAPSVWQQTTGSALTTALRNAGGLTQIVPTTNLYSATDEIVQPQVSNSPLDSSYLFNGKNVQAQAVCGPLFVIDHAGSLTSQFSYVVGRSALRSTTGQARSADYGITDCNPLPANDLTPEQKVAAAALLAPCFAAIVAGPKQNCEPDLMPYARPFAVGKRTCSGIVTP,0.34
1tca12,CCC(C(=O)Oc1ccc(N([O-])[O-])cc1)c1ccccc1,LPSGSDPAFSQPKSVLDAGLTCQGASPSSVSKPILLVPGTGTTGPQSFDSNWIPLSTQLGYTPCWISPPPFMLNDTQVNTEYMVNAITALYAGSGNNKLPVLTCSQGGLVAQWGLTFFPSIRSKVDRLMAFAPDYKGTVLAGPYDALAHSAPSVWQQTTGSALTTALRNAGGLTQIVPTTNLYSATDEIVQPQVSNSPLDSSYLFNGKNVQAQAVCGPLFVIDHAGSLTSQFSYVVGRSALRSTTGQARSADYGITDCNPLPANDLTPEQKVAAAALLAPCFAAIVAGPKQNCEPDLMPYARPFAVGKRTCSGIVTP,0.48
1tca12,CC(C)Cc1ccc(C(C)C(=O)Oc2ccc([N+](=O)[O-])cc2)cc1,LPSGSDPAFSQPKSVLDAGLTCQGASPSSVSKPILLVPGTGTTGPQSFDSNWIPLSTQLGYTPCWISPPPFMLNDTQVNTEYMVNAITALYAGSGNNKLPVLTCSQGGLVAQWGLTFFPSIRSKVDRLMAFAPDYKGTVLAGPYDALAHSAPSVWQQTTGSALTTALRNAGGLTQIVPTTNLYSATDEIVQPQVSNSPLDSSYLFNGKNVQAQAVCGPLFVIDHAGSLTSQFSYVVGRSALRSTTGQARSADYGITDCNPLPANDLTPEQKVAAAALLAPCFAAIVAGPKQNCEPDLMPYARPFAVGKRTCSGIVTP,0.35
1tca13,CC(C(=O)Oc1ccc([N+](=O)[O-])cc1)c1ccccc1,LPSGSDPAFSQPKSVLDAGLTCQGASPSSVSKPILLVPGTGTTGPQSFDSNWIPLSTQLGYTPCWISPPPFMLNDTQVNTEYMVNAITALYAGSGNNKLPVLTCSQGGLVAQWGLTFFPSIRSKVDRLMAFAPDYKGTVLAGPVDALAGSAPSVWQQTTGSALTTALRNAGGLTQIVPTTNLYSATDEIVQPQVSNSPLDSSYLFNGKNVQAQAVCGPLFVIDHAGSLTSQFSYVVGRSALRSTTGQARSADYGITDCNPLPANDLTPEQKVAAAALLAPVLAAIVAGPKQNCEPDLMPYARPFAVGKRTCSGIVTP,0.4
1tca13,CC(=O)OC(C)c1ccccc1,LPSGSDPAFSQPKSVLDAGLTCQGASPSSVSKPILLVPGTGTTGPQSFDSNWIPLSTQLGYTPCWISPPPFMLNDTQVNTEYMVNAITALYAGSGNNKLPVLTCSQGGLVAQWGLTFFPSIRSKVDRLMAFAPDYKGTVLAGPVDALAGSAPSVWQQTTGSALTTALRNAGGLTQIVPTTNLYSATDEIVQPQVSNSPLDSSYLFNGKNVQAQAVCGPLFVIDHAGSLTSQFSYVVGRSALRSTTGQARSADYGITDCNPLPANDLTPEQKVAAAALLAPVLAAIVAGPKQNCEPDLMPYARPFAVGKRTCSGIVTP,0.5
1tca13,Cc2ccc(C(C)C(=O)Oc1ccc(N(=O)=O)cc1)cc2,LPSGSDPAFSQPKSVLDAGLTCQGASPSSVSKPILLVPGTGTTGPQSFDSNWIPLSTQLGYTPCWISPPPFMLNDTQVNTEYMVNAITALYAGSGNNKLPVLTCSQGGLVAQWGLTFFPSIRSKVDRLMAFAPDYKGTVLAGPVDALAGSAPSVWQQTTGSALTTALRNAGGLTQIVPTTNLYSATDEIVQPQVSNSPLDSSYLFNGKNVQAQAVCGPLFVIDHAGSLTSQFSYVVGRSALRSTTGQARSADYGITDCNPLPANDLTPEQKVAAAALLAPVLAAIVAGPKQNCEPDLMPYARPFAVGKRTCSGIVTP,0.51
1tca14,CC(C(=O)Oc1ccc([N+](=O)[O-])cc1)c1ccccc1,LPSGSDPAFSQPKSVLDAGLTCQGASPSSVSKPILLVPGTGTTGPQSFDSNWIPLSTQLGYTPCWISPPPFMLNDTQVNTEYMVNAITALYAGSGNNKLPVLTCSQGGLVAQWGLTFFPSIRSKVDRLMAFAPDYKGTVLAGPFDALACSAPSVWQQTTGSALTTALRNAGGLTQIVPTTNLYSATDEIVQPQVSNSPLDSSYLFNGKNVQAQAVCGPLFVIDHAGSLTSQFSYVVGRSALRSTTGQARSADYGITDCNPLPANDLTPEQKVAAAALLAPVLAAIVAGPKQNCEPDLMPYARPFAVGKRTCSGIVTP,0.34
1tca14,CC(=O)OC(C)c1ccccc1,LPSGSDPAFSQPKSVLDAGLTCQGASPSSVSKPILLVPGTGTTGPQSFDSNWIPLSTQLGYTPCWISPPPFMLNDTQVNTEYMVNAITALYAGSGNNKLPVLTCSQGGLVAQWGLTFFPSIRSKVDRLMAFAPDYKGTVLAGPFDALACSAPSVWQQTTGSALTTALRNAGGLTQIVPTTNLYSATDEIVQPQVSNSPLDSSYLFNGKNVQAQAVCGPLFVIDHAGSLTSQFSYVVGRSALRSTTGQARSADYGITDCNPLPANDLTPEQKVAAAALLAPVLAAIVAGPKQNCEPDLMPYARPFAVGKRTCSGIVTP,0.47
1tca14,Cc2ccc(C(C)C(=O)Oc1ccc(N(=O)=O)cc1)cc2,LPSGSDPAFSQPKSVLDAGLTCQGASPSSVSKPILLVPGTGTTGPQSFDSNWIPLSTQLGYTPCWISPPPFMLNDTQVNTEYMVNAITALYAGSGNNKLPVLTCSQGGLVAQWGLTFFPSIRSKVDRLMAFAPDYKGTVLAGPFDALACSAPSVWQQTTGSALTTALRNAGGLTQIVPTTNLYSATDEIVQPQVSNSPLDSSYLFNGKNVQAQAVCGPLFVIDHAGSLTSQFSYVVGRSALRSTTGQARSADYGITDCNPLPANDLTPEQKVAAAALLAPVLAAIVAGPKQNCEPDLMPYARPFAVGKRTCSGIVTP,0.5
1tca15,CC(C(=O)Oc1ccc([N+](=O)[O-])cc1)c1ccccc1,LPSGSDPAFSQPKSVLDAGLTCQGASPSSVSKPILLVPGTGTTGPQSFDSNWIPLSTQLGYTPCWISPPPFMLNDTQVNTEYMVNAITALYAGSGNNKLPVLTCSQGGLVAQWGLTFFPSIRSKVDRLMAFAPDYKGTVLAGPFDALAGSAPSVWQQTTGSALTTALRNAGGLTQIVPTTNLYSATDEIVQPQVSNSPLDSSYLFNGKNVQAQAVCGPLFVIDHAGSLTSQFSYVVGRSALRSTTGQARSADYGITDCNPLPANDLTPEQKVAAAALLAPVLAAIVAGPKQNCEPDLMPYARPFAVGKRTCSGIVTP,0.52
1tca15,CCCCCCCCC(C)C(=O)Oc1ccc([N+](=O)[O-])cc1,LPSGSDPAFSQPKSVLDAGLTCQGASPSSVSKPILLVPGTGTTGPQSFDSNWIPLSTQLGYTPCWISPPPFMLNDTQVNTEYMVNAITALYAGSGNNKLPVLTCSQGGLVAQWGLTFFPSIRSKVDRLMAFAPDYKGTVLAGPFDALAGSAPSVWQQTTGSALTTALRNAGGLTQIVPTTNLYSATDEIVQPQVSNSPLDSSYLFNGKNVQAQAVCGPLFVIDHAGSLTSQFSYVVGRSALRSTTGQARSADYGITDCNPLPANDLTPEQKVAAAALLAPVLAAIVAGPKQNCEPDLMPYARPFAVGKRTCSGIVTP,0.24
1tca15,Cc2ccc(C(C)C(=O)Oc1ccc(N(=O)=O)cc1)cc2,LPSGSDPAFSQPKSVLDAGLTCQGASPSSVSKPILLVPGTGTTGPQSFDSNWIPLSTQLGYTPCWISPPPFMLNDTQVNTEYMVNAITALYAGSGNNKLPVLTCSQGGLVAQWGLTFFPSIRSKVDRLMAFAPDYKGTVLAGPFDALAGSAPSVWQQTTGSALTTALRNAGGLTQIVPTTNLYSATDEIVQPQVSNSPLDSSYLFNGKNVQAQAVCGPLFVIDHAGSLTSQFSYVVGRSALRSTTGQARSADYGITDCNPLPANDLTPEQKVAAAALLAPVLAAIVAGPKQNCEPDLMPYARPFAVGKRTCSGIVTP,0.54
1tca15,CC(C(=O)Oc1ccc([N+](=O)[O-])cc1)c1ccc(-c2ccccc2)c(F)c1,LPSGSDPAFSQPKSVLDAGLTCQGASPSSVSKPILLVPGTGTTGPQSFDSNWIPLSTQLGYTPCWISPPPFMLNDTQVNTEYMVNAITALYAGSGNNKLPVLTCSQGGLVAQWGLTFFPSIRSKVDRLMAFAPDYKGTVLAGPFDALAGSAPSVWQQTTGSALTTALRNAGGLTQIVPTTNLYSATDEIVQPQVSNSPLDSSYLFNGKNVQAQAVCGPLFVIDHAGSLTSQFSYVVGRSALRSTTGQARSADYGITDCNPLPANDLTPEQKVAAAALLAPVLAAIVAGPKQNCEPDLMPYARPFAVGKRTCSGIVTP,0.22
1tca15,CC(C(=O)Oc1ccc([N+](=O)[O-])cc1)c1cccc(C(=O)c2ccccc2)c1,LPSGSDPAFSQPKSVLDAGLTCQGASPSSVSKPILLVPGTGTTGPQSFDSNWIPLSTQLGYTPCWISPPPFMLNDTQVNTEYMVNAITALYAGSGNNKLPVLTCSQGGLVAQWGLTFFPSIRSKVDRLMAFAPDYKGTVLAGPFDALAGSAPSVWQQTTGSALTTALRNAGGLTQIVPTTNLYSATDEIVQPQVSNSPLDSSYLFNGKNVQAQAVCGPLFVIDHAGSLTSQFSYVVGRSALRSTTGQARSADYGITDCNPLPANDLTPEQKVAAAALLAPVLAAIVAGPKQNCEPDLMPYARPFAVGKRTCSGIVTP,0.34
1tca15,CC(C(=O)Oc1ccc([N+](=O)[O-])cc1)c1cccc(Oc2ccccc2)c1,LPSGSDPAFSQPKSVLDAGLTCQGASPSSVSKPILLVPGTGTTGPQSFDSNWIPLSTQLGYTPCWISPPPFMLNDTQVNTEYMVNAITALYAGSGNNKLPVLTCSQGGLVAQWGLTFFPSIRSKVDRLMAFAPDYKGTVLAGPFDALAGSAPSVWQQTTGSALTTALRNAGGLTQIVPTTNLYSATDEIVQPQVSNSPLDSSYLFNGKNVQAQAVCGPLFVIDHAGSLTSQFSYVVGRSALRSTTGQARSADYGITDCNPLPANDLTPEQKVAAAALLAPVLAAIVAGPKQNCEPDLMPYARPFAVGKRTCSGIVTP,0.3
1tca17,CC(C(=O)Oc1ccc([N+](=O)[O-])cc1)c1ccccc1,LPSGSDPAFSQPKSVLDAGLTCQGASPSSVSKPILLVPGTGTTGPQSFDSNWIPLSTQLGYTPCWISPPPFMLNDTQVNTEYMVNAITALYAGSGNNKLPVLTCSQGGLVAQWGLTFFPSIRSKVDRLMAFAPDYKGTVLAGPYDALAISAPSIWQQTTGSALTTALRNAGGLTQIVPTTNLYSATDEIVQPQVSNSPLDSSYLFNGKNVQAQAVCGPLFVIDHAGSLTSQFSYVVGRSALRSTTGQARSADYGITDCNPLPANDLTPEQKVAAAALLAPCFAAIVAGPKQNCEPDLMPYARPFAVGKRTCSGIVTP,0.49
1tca17,COc1ccc2cc(C(C)C(=O)Oc3ccc([N+](=O)[O-])cc3)ccc2c1,LPSGSDPAFSQPKSVLDAGLTCQGASPSSVSKPILLVPGTGTTGPQSFDSNWIPLSTQLGYTPCWISPPPFMLNDTQVNTEYMVNAITALYAGSGNNKLPVLTCSQGGLVAQWGLTFFPSIRSKVDRLMAFAPDYKGTVLAGPYDALAISAPSIWQQTTGSALTTALRNAGGLTQIVPTTNLYSATDEIVQPQVSNSPLDSSYLFNGKNVQAQAVCGPLFVIDHAGSLTSQFSYVVGRSALRSTTGQARSADYGITDCNPLPANDLTPEQKVAAAALLAPCFAAIVAGPKQNCEPDLMPYARPFAVGKRTCSGIVTP,0.19
1tca17,CCCCCCCCC(C)C(=O)Oc1ccc([N+](=O)[O-])cc1,LPSGSDPAFSQPKSVLDAGLTCQGASPSSVSKPILLVPGTGTTGPQSFDSNWIPLSTQLGYTPCWISPPPFMLNDTQVNTEYMVNAITALYAGSGNNKLPVLTCSQGGLVAQWGLTFFPSIRSKVDRLMAFAPDYKGTVLAGPYDALAISAPSIWQQTTGSALTTALRNAGGLTQIVPTTNLYSATDEIVQPQVSNSPLDSSYLFNGKNVQAQAVCGPLFVIDHAGSLTSQFSYVVGRSALRSTTGQARSADYGITDCNPLPANDLTPEQKVAAAALLAPCFAAIVAGPKQNCEPDLMPYARPFAVGKRTCSGIVTP,0.17
1tca17,CCCCC(CC)C(=O)Oc1ccc([N+](=O)[O-])cc1,LPSGSDPAFSQPKSVLDAGLTCQGASPSSVSKPILLVPGTGTTGPQSFDSNWIPLSTQLGYTPCWISPPPFMLNDTQVNTEYMVNAITALYAGSGNNKLPVLTCSQGGLVAQWGLTFFPSIRSKVDRLMAFAPDYKGTVLAGPYDALAISAPSIWQQTTGSALTTALRNAGGLTQIVPTTNLYSATDEIVQPQVSNSPLDSSYLFNGKNVQAQAVCGPLFVIDHAGSLTSQFSYVVGRSALRSTTGQARSADYGITDCNPLPANDLTPEQKVAAAALLAPCFAAIVAGPKQNCEPDLMPYARPFAVGKRTCSGIVTP,0.23
1tca17,CCOC(=O)C(C)c1ccccc1,LPSGSDPAFSQPKSVLDAGLTCQGASPSSVSKPILLVPGTGTTGPQSFDSNWIPLSTQLGYTPCWISPPPFMLNDTQVNTEYMVNAITALYAGSGNNKLPVLTCSQGGLVAQWGLTFFPSIRSKVDRLMAFAPDYKGTVLAGPYDALAISAPSIWQQTTGSALTTALRNAGGLTQIVPTTNLYSATDEIVQPQVSNSPLDSSYLFNGKNVQAQAVCGPLFVIDHAGSLTSQFSYVVGRSALRSTTGQARSADYGITDCNPLPANDLTPEQKVAAAALLAPCFAAIVAGPKQNCEPDLMPYARPFAVGKRTCSGIVTP,0.17
1tca17,CCC(C(=O)Oc1ccc(N([O-])[O-])cc1)c1ccccc1,LPSGSDPAFSQPKSVLDAGLTCQGASPSSVSKPILLVPGTGTTGPQSFDSNWIPLSTQLGYTPCWISPPPFMLNDTQVNTEYMVNAITALYAGSGNNKLPVLTCSQGGLVAQWGLTFFPSIRSKVDRLMAFAPDYKGTVLAGPYDALAISAPSIWQQTTGSALTTALRNAGGLTQIVPTTNLYSATDEIVQPQVSNSPLDSSYLFNGKNVQAQAVCGPLFVIDHAGSLTSQFSYVVGRSALRSTTGQARSADYGITDCNPLPANDLTPEQKVAAAALLAPCFAAIVAGPKQNCEPDLMPYARPFAVGKRTCSGIVTP,0.41
1tca17,CC(C)Cc1ccc(C(C)C(=O)Oc2ccc([N+](=O)[O-])cc2)cc1,LPSGSDPAFSQPKSVLDAGLTCQGASPSSVSKPILLVPGTGTTGPQSFDSNWIPLSTQLGYTPCWISPPPFMLNDTQVNTEYMVNAITALYAGSGNNKLPVLTCSQGGLVAQWGLTFFPSIRSKVDRLMAFAPDYKGTVLAGPYDALAISAPSIWQQTTGSALTTALRNAGGLTQIVPTTNLYSATDEIVQPQVSNSPLDSSYLFNGKNVQAQAVCGPLFVIDHAGSLTSQFSYVVGRSALRSTTGQARSADYGITDCNPLPANDLTPEQKVAAAALLAPCFAAIVAGPKQNCEPDLMPYARPFAVGKRTCSGIVTP,0.39
1tca17,CC(C(=O)Oc1ccc([N+](=O)[O-])cc1)c1ccc(-c2ccccc2)c(F)c1,LPSGSDPAFSQPKSVLDAGLTCQGASPSSVSKPILLVPGTGTTGPQSFDSNWIPLSTQLGYTPCWISPPPFMLNDTQVNTEYMVNAITALYAGSGNNKLPVLTCSQGGLVAQWGLTFFPSIRSKVDRLMAFAPDYKGTVLAGPYDALAISAPSIWQQTTGSALTTALRNAGGLTQIVPTTNLYSATDEIVQPQVSNSPLDSSYLFNGKNVQAQAVCGPLFVIDHAGSLTSQFSYVVGRSALRSTTGQARSADYGITDCNPLPANDLTPEQKVAAAALLAPCFAAIVAGPKQNCEPDLMPYARPFAVGKRTCSGIVTP,0.12
1tca17,CC(C(=O)Oc1ccc([N+](=O)[O-])cc1)c1cccc(C(=O)c2ccccc2)c1,LPSGSDPAFSQPKSVLDAGLTCQGASPSSVSKPILLVPGTGTTGPQSFDSNWIPLSTQLGYTPCWISPPPFMLNDTQVNTEYMVNAITALYAGSGNNKLPVLTCSQGGLVAQWGLTFFPSIRSKVDRLMAFAPDYKGTVLAGPYDALAISAPSIWQQTTGSALTTALRNAGGLTQIVPTTNLYSATDEIVQPQVSNSPLDSSYLFNGKNVQAQAVCGPLFVIDHAGSLTSQFSYVVGRSALRSTTGQARSADYGITDCNPLPANDLTPEQKVAAAALLAPCFAAIVAGPKQNCEPDLMPYARPFAVGKRTCSGIVTP,0.06
1tca18,CC(C(=O)Oc1ccc([N+](=O)[O-])cc1)c1ccccc1,LPSGSDPAFSQPKSVLDAGLTCQGASPSSVSKPILLVPGTGTTGPQSFDSNWIPLSTQLGYTPCWISPPPFMLNDTQVNTEYMVNAITALYAGSGNNKLPVLTWSQGGLVAQWGLTFFPSIRSKVDRLMAFAPDYKGTVLAGPLDALAVSAPSVWQQTTGSALTTALRNAGGLTQIVPTTNLYSATDEVCQPQVSNSPLDSSYLFNGKNVQAQAVCGPLFVIDHAGSLTSQFSYVVGRSALRSTTGQARSADYGITDCNPLPANDLTPEQKVAAAALLAPGVAAIVAGPKQNCEPDLMPYARPFAVGKRTCSGIVTP,0.49
1tca19,CC(C(=O)Oc1ccc([N+](=O)[O-])cc1)c1ccccc1,LPSGSDPAFSQPKSVLDAGLTCQGASPSSVSKPILLVPGTGTTGPQSFDSNWIPLSTQLGYTPCWISPPPFMLNDTQVNTEYMVNAITALYAGSGNNKLPVLTWSQGGLVAQWGLTFFPSIRSKVDRLMAFAPDYKGTVLAGPLDALAVSAPSVWQQTTGSALTTALRNAGGLTQIVPTTNLYSATDEVLQPQVSNSPLDSSYLFNGKNVQAQAVCGPLFVIDHAGSLTSQFSYVVGRSALRSTTGQARSADYGITDCNPLPANDLTPEQKVAAAALLAPGVAAIVAGPKQNCEPDLMPYARPFAVGKRTCSGIVTP,0.48
1tca20,COc1ccc2cc(C(C)C(=O)Oc3ccc([N+](=O)[O-])cc3)ccc2c1,LPSGSDPAFSQPKSVLDAGLTCQGASPSSVSKPILLVPGTGTTGPQSFDSNWIPLSTQLGYTPCWISPPPFMLNDTQVNTEYMVNAITALYAGSGNNKLPVLTWSQGGLVAQWGLTFFPSIRSKVDRLMAFAPDYKGTVLAGPLDALAVSAPSVWQQTTGSALTTALRNAGGLTQIVPTTNLYSATDEVCQPQVSNSPLDSSYLFNGKNVQAQAVCGPLFVIDHAGSLTSQFSYVVGRSALRSTTGQARSADYGITDCNPLPANDLTPEQKVAAAALLAPGVAAIVAGPKQNCEPDLMPYARPFAVGKRTCSGIVTP,0.31
1tca20,CCCCCCCCC(C)C(=O)Oc1ccc([N+](=O)[O-])cc1,LPSGSDPAFSQPKSVLDAGLTCQGASPSSVSKPILLVPGTGTTGPQSFDSNWIPLSTQLGYTPCWISPPPFMLNDTQVNTEYMVNAITALYAGSGNNKLPVLTWSQGGLVAQWGLTFFPSIRSKVDRLMAFAPDYKGTVLAGPLDALAVSAPSVWQQTTGSALTTALRNAGGLTQIVPTTNLYSATDECCQPQVSNSPLDSSYLFNGKNVQAQAVCGPLFVIDHAGSLTSQFSYVVGRSALRSTTGQARSADYGITDCNPLPANDLTPEQKVAAAALLAPGVAAIVAGPKQNCEPDLMPYARPFAVGKRTCSGIVTP,0.5
1tca20,CCCCCCCCC(C)C(=O)Oc1ccc([N+](=O)[O-])cc1,LPSGSDPAFSQPKSVLDAGLTCQGASPSSVSKPILLVPGTGTTGPQSFDSNWIPLSTQLGYTPCWISPPPFMLNDTQVNTEYMVNAITALYAGSGNNKLPVLTWSQGGLVAQWGLTFFPSIRSKVDRLMAFAPDYKGTVLAGPLDALAVSAPSVWQQTTGSALTTALRNAGGLTQIVPTTNLYSATDEVCQPQVSNSPLDSSYLFNGKNVQAQAVCGPLFVIDHAGSLTSQFSYVVGRSALRSTTGQARSADYGITDCNPLPANDLTPEQKVAAAALLAPGVAAIVAGPKQNCEPDLMPYARPFAVGKRTCSGIVTP,0.45
1tca20,CCCCC(CC)C(=O)Oc1ccc([N+](=O)[O-])cc1,LPSGSDPAFSQPKSVLDAGLTCQGASPSSVSKPILLVPGTGTTGPQSFDSNWIPLSTQLGYTPCWISPPPFMLNDTQVNTEYMVNAITALYAGSGNNKLPVLTWSQGGLVAQWGLTFFPSIRSKVDRLMAFAPDYKGTVLAGPLDALAVSAPSVWQQTTGSALTTALRNAGGLTQIVPTTNLYSATDEVCQPQVSNSPLDSSYLFNGKNVQAQAVCGPLFVIDHAGSLTSQFSYVVGRSALRSTTGQARSADYGITDCNPLPANDLTPEQKVAAAALLAPGVAAIVAGPKQNCEPDLMPYARPFAVGKRTCSGIVTP,0.47
1tca20,CCC(C(=O)Oc1ccc(N([O-])[O-])cc1)c1ccccc1,LPSGSDPAFSQPKSVLDAGLTCQGASPSSVSKPILLVPGTGTTGPQSFDSNWIPLSTQLGYTPCWISPPPFMLNDTQVNTEYMVNAITALYAGSGNNKLPVLTWSQGGLVAQWGLTFFPSIRSKVDRLMAFAPDYKGTVLAGPLDALAVSAPSVWQQTTGSALTTALRNAGGLTQIVPTTNLYSATDEVCQPQVSNSPLDSSYLFNGKNVQAQAVCGPLFVIDHAGSLTSQFSYVVGRSALRSTTGQARSADYGITDCNPLPANDLTPEQKVAAAALLAPGVAAIVAGPKQNCEPDLMPYARPFAVGKRTCSGIVTP,0.32
1tca20,CC(C)Cc1ccc(C(C)C(=O)Oc2ccc([N+](=O)[O-])cc2)cc1,LPSGSDPAFSQPKSVLDAGLTCQGASPSSVSKPILLVPGTGTTGPQSFDSNWIPLSTQLGYTPCWISPPPFMLNDTQVNTEYMVNAITALYAGSGNNKLPVLTWSQGGLVAQWGLTFFPSIRSKVDRLMAFAPDYKGTVLAGPLDALAVSAPSVWQQTTGSALTTALRNAGGLTQIVPTTNLYSATDEVCQPQVSNSPLDSSYLFNGKNVQAQAVCGPLFVIDHAGSLTSQFSYVVGRSALRSTTGQARSADYGITDCNPLPANDLTPEQKVAAAALLAPGVAAIVAGPKQNCEPDLMPYARPFAVGKRTCSGIVTP,0.44
1tca20,CC(C(=O)Oc1ccc([N+](=O)[O-])cc1)c1ccc(-c2ccccc2)c(F)c1,LPSGSDPAFSQPKSVLDAGLTCQGASPSSVSKPILLVPGTGTTGPQSFDSNWIPLSTQLGYTPCWISPPPFMLNDTQVNTEYMVNAITALYAGSGNNKLPVLTWSQGGLVAQWGLTFFPSIRSKVDRLMAFAPDYKGTVLAGPLDALAVSAPSVWQQTTGSALTTALRNAGGLTQIVPTTNLYSATDEVCQPQVSNSPLDSSYLFNGKNVQAQAVCGPLFVIDHAGSLTSQFSYVVGRSALRSTTGQARSADYGITDCNPLPANDLTPEQKVAAAALLAPGVAAIVAGPKQNCEPDLMPYARPFAVGKRTCSGIVTP,0.24
1tca20,CC(C(=O)Oc1ccc([N+](=O)[O-])cc1)c1cccc(C(=O)c2ccccc2)c1,LPSGSDPAFSQPKSVLDAGLTCQGASPSSVSKPILLVPGTGTTGPQSFDSNWIPLSTQLGYTPCWISPPPFMLNDTQVNTEYMVNAITALYAGSGNNKLPVLTWSQGGLVAQWGLTFFPSIRSKVDRLMAFAPDYKGTVLAGPLDALAVSAPSVWQQTTGSALTTALRNAGGLTQIVPTTNLYSATDEVCQPQVSNSPLDSSYLFNGKNVQAQAVCGPLFVIDHAGSLTSQFSYVVGRSALRSTTGQARSADYGITDCNPLPANDLTPEQKVAAAALLAPGVAAIVAGPKQNCEPDLMPYARPFAVGKRTCSGIVTP,0.32
1tca20,CC(C(=O)Oc1ccc([N+](=O)[O-])cc1)c1cccc(Oc2ccccc2)c1,LPSGSDPAFSQPKSVLDAGLTCQGASPSSVSKPILLVPGTGTTGPQSFDSNWIPLSTQLGYTPCWISPPPFMLNDTQVNTEYMVNAITALYAGSGNNKLPVLTWSQGGLVAQWGLTFFPSIRSKVDRLMAFAPDYKGTVLAGPLDALAVSAPSVWQQTTGSALTTALRNAGGLTQIVPTTNLYSATDEVCQPQVSNSPLDSSYLFNGKNVQAQAVCGPLFVIDHAGSLTSQFSYVVGRSALRSTTGQARSADYGITDCNPLPANDLTPEQKVAAAALLAPGVAAIVAGPKQNCEPDLMPYARPFAVGKRTCSGIVTP,0.32
1tca21,CC(C(=O)Oc1ccc([N+](=O)[O-])cc1)c1ccccc1,LPSGSDPAFSQPKSVLDAGLTCQGASPSSVSKPILLVPGTGTTGPQSFDSNWIPLSTQLGYTPCWISPPPFMLNDTQVNTEYMVNAITALYAGSGNNKLPVLTWSQGGLVAQWGLTFFPSIRSKVDRLMAFAPDYKGTVLAGPLDALAVSAPSVWQQTTGSALTTALRNAGGLTQIVPTTNLYSATDEICQPQVSNSPLDSSYLFNGKNVQAQAVCGPLFVIDHAGSLTSQFSYVVGRSALRSTTGQARSADYGITDCNPLPANDLTPEQKVAAAALLAPGVAAIVAGPKQNCEPDLMPYARPFAVGKRTCSGIVTP,0.49
1tca21,COc1ccc2cc(C(C)C(=O)Oc3ccc([N+](=O)[O-])cc3)ccc2c1,LPSGSDPAFSQPKSVLDAGLTCQGASPSSVSKPILLVPGTGTTGPQSFDSNWIPLSTQLGYTPCWISPPPFMLNDTQVNTEYMVNAITALYAGSGNNKLPVLTWSQGGLVAQWGLTFFPSIRSKVDRLMAFAPDYKGTVLAGPLDALAVSAPSVWQQTTGSALTTALRNAGGLTQIVPTTNLYSATDEICQPQVSNSPLDSSYLFNGKNVQAQAVCGPLFVIDHAGSLTSQFSYVVGRSALRSTTGQARSADYGITDCNPLPANDLTPEQKVAAAALLAPGVAAIVAGPKQNCEPDLMPYARPFAVGKRTCSGIVTP,0.31
1tca21,CCCCCCCCC(C)C(=O)Oc1ccc([N+](=O)[O-])cc1,LPSGSDPAFSQPKSVLDAGLTCQGASPSSVSKPILLVPGTGTTGPQSFDSNWIPLSTQLGYTPCWISPPPFMLNDTQVNTEYMVNAITALYAGSGNNKLPVLTWSQGGLVAQWGLTFFPSIRSKVDRLMAFAPDYKGTVLAGPLDALAVSAPSVWQQTTGSALTTALRNAGGLTQIVPTTNLYSATDEICQPQVSNSPLDSSYLFNGKNVQAQAVCGPLFVIDHAGSLTSQFSYVVGRSALRSTTGQARSADYGITDCNPLPANDLTPEQKVAAAALLAPGVAAIVAGPKQNCEPDLMPYARPFAVGKRTCSGIVTP,0.51
1tca21,CCCCC(CC)C(=O)Oc1ccc([N+](=O)[O-])cc1,LPSGSDPAFSQPKSVLDAGLTCQGASPSSVSKPILLVPGTGTTGPQSFDSNWIPLSTQLGYTPCWISPPPFMLNDTQVNTEYMVNAITALYAGSGNNKLPVLTWSQGGLVAQWGLTFFPSIRSKVDRLMAFAPDYKGTVLAGPLDALAVSAPSVWQQTTGSALTTALRNAGGLTQIVPTTNLYSATDEICQPQVSNSPLDSSYLFNGKNVQAQAVCGPLFVIDHAGSLTSQFSYVVGRSALRSTTGQARSADYGITDCNPLPANDLTPEQKVAAAALLAPGVAAIVAGPKQNCEPDLMPYARPFAVGKRTCSGIVTP,0.49
1tca21,CCOC(=O)C(C)c1ccccc1,LPSGSDPAFSQPKSVLDAGLTCQGASPSSVSKPILLVPGTGTTGPQSFDSNWIPLSTQLGYTPCWISPPPFMLNDTQVNTEYMVNAITALYAGSGNNKLPVLTWSQGGLVAQWGLTFFPSIRSKVDRLMAFAPDYKGTVLAGPLDALAVSAPSVWQQTTGSALTTALRNAGGLTQIVPTTNLYSATDEICQPQVSNSPLDSSYLFNGKNVQAQAVCGPLFVIDHAGSLTSQFSYVVGRSALRSTTGQARSADYGITDCNPLPANDLTPEQKVAAAALLAPGVAAIVAGPKQNCEPDLMPYARPFAVGKRTCSGIVTP,0.46
1tca21,CC(=O)OC(C)c1ccccc1,LPSGSDPAFSQPKSVLDAGLTCQGASPSSVSKPILLVPGTGTTGPQSFDSNWIPLSTQLGYTPCWISPPPFMLNDTQVNTEYMVNAITALYAGSGNNKLPVLTWSQGGLVAQWGLTFFPSIRSKVDRLMAFAPDYKGTVLAGPLDALAVSAPSVWQQTTGSALTTALRNAGGLTQIVPTTNLYSATDEICQPQVSNSPLDSSYLFNGKNVQAQAVCGPLFVIDHAGSLTSQFSYVVGRSALRSTTGQARSADYGITDCNPLPANDLTPEQKVAAAALLAPGVAAIVAGPKQNCEPDLMPYARPFAVGKRTCSGIVTP,0.3
1tca21,CCC(C(=O)Oc1ccc(N([O-])[O-])cc1)c1ccccc1,LPSGSDPAFSQPKSVLDAGLTCQGASPSSVSKPILLVPGTGTTGPQSFDSNWIPLSTQLGYTPCWISPPPFMLNDTQVNTEYMVNAITALYAGSGNNKLPVLTWSQGGLVAQWGLTFFPSIRSKVDRLMAFAPDYKGTVLAGPLDALAVSAPSVWQQTTGSALTTALRNAGGLTQIVPTTNLYSATDEICQPQVSNSPLDSSYLFNGKNVQAQAVCGPLFVIDHAGSLTSQFSYVVGRSALRSTTGQARSADYGITDCNPLPANDLTPEQKVAAAALLAPGVAAIVAGPKQNCEPDLMPYARPFAVGKRTCSGIVTP,0.44
1tca21,CC(C(=O)Oc1ccc([N+](=O)[O-])cc1)c1ccc(-c2ccccc2)c(F)c1,LPSGSDPAFSQPKSVLDAGLTCQGASPSSVSKPILLVPGTGTTGPQSFDSNWIPLSTQLGYTPCWISPPPFMLNDTQVNTEYMVNAITALYAGSGNNKLPVLTWSQGGLVAQWGLTFFPSIRSKVDRLMAFAPDYKGTVLAGPLDALAVSAPSVWQQTTGSALTTALRNAGGLTQIVPTTNLYSATDEICQPQVSNSPLDSSYLFNGKNVQAQAVCGPLFVIDHAGSLTSQFSYVVGRSALRSTTGQARSADYGITDCNPLPANDLTPEQKVAAAALLAPGVAAIVAGPKQNCEPDLMPYARPFAVGKRTCSGIVTP,0.62
1tca21,CC(C(=O)Oc1ccc([N+](=O)[O-])cc1)c1cccc(Oc2ccccc2)c1,LPSGSDPAFSQPKSVLDAGLTCQGASPSSVSKPILLVPGTGTTGPQSFDSNWIPLSTQLGYTPCWISPPPFMLNDTQVNTEYMVNAITALYAGSGNNKLPVLTWSQGGLVAQWGLTFFPSIRSKVDRLMAFAPDYKGTVLAGPLDALAVSAPSVWQQTTGSALTTALRNAGGLTQIVPTTNLYSATDEICQPQVSNSPLDSSYLFNGKNVQAQAVCGPLFVIDHAGSLTSQFSYVVGRSALRSTTGQARSADYGITDCNPLPANDLTPEQKVAAAALLAPGVAAIVAGPKQNCEPDLMPYARPFAVGKRTCSGIVTP,0.29
1tca22,CC(C(=O)Oc1ccc([N+](=O)[O-])cc1)c1ccccc1,LPSGSDPAFSQPKSVLDAGLTCQGASPSSVSKPILLVPGTGTTGPQSFDSNWIPLSTQLGYTPCWISPPPFMLNDTQVNTEYMVNAITALYAGSGNNKLPVLTWSQGGLVAQWGLTFFPSIRSKVDRLMAFAPDYKGTVLAGPLDALAVSAPSVWQQTTGSALTTALRNAGGLTQIVPTTNLYSATDEMWQPQVSNSPLDSSYLFNGKNVQAQAVCGPLFVIDHAGSLTSQFSYVVGRSALRSTTGQARSADYGITDCNPLPANDLTPEQKVAAAALLAPGVAAIVAGPKQNCEPDLMPYARPFAVGKRTCSGIVTP,0.18
1tca22,CCCCCCCCC(C)C(=O)Oc1ccc([N+](=O)[O-])cc1,LPSGSDPAFSQPKSVLDAGLTCQGASPSSVSKPILLVPGTGTTGPQSFDSNWIPLSTQLGYTPCWISPPPFMLNDTQVNTEYMVNAITALYAGSGNNKLPVLTWSQGGLVAQWGLTFFPSIRSKVDRLMAFAPDYKGTVLAGPLDALAVSAPSVWQQTTGSALTTALRNAGGLTQIVPTTNLYSATDEMWQPQVSNSPLDSSYLFNGKNVQAQAVCGPLFVIDHAGSLTSQFSYVVGRSALRSTTGQARSADYGITDCNPLPANDLTPEQKVAAAALLAPGVAAIVAGPKQNCEPDLMPYARPFAVGKRTCSGIVTP,0.5
1tca24,CC(C(=O)Oc1ccc([N+](=O)[O-])cc1)c1ccccc1,LPSGSDPAFSQPKSVLDAGLTCQGASPSSVSKPILLVPGTGTTGPQSFDSNWIPLSTQLGYTPCWISPPPFMLNDTQVNTEYMVNAITALYAGSGNNKLPVLTWSQGGLVAQWGLTFFPSIRSKVDRLMAFAPDYKGTVLAGPQDALAVSAPSVWQQTTGSALTTALRNAGGLTQIVPTTNLYSATDEVCQPQVSNSPLDSSYLFNGKNVQAQAVCGPLFVIDHAGSLTSQFSYVVGRSALRSTTGQARSADYGITDCNPLPANDLTPEQKVAAAALLAPGVAAIVAGPKQNCEPDLMPYARPFAVGKRTCSGIVTP,0.5
1tca24,COc1ccc2cc(C(C)C(=O)Oc3ccc([N+](=O)[O-])cc3)ccc2c1,LPSGSDPAFSQPKSVLDAGLTCQGASPSSVSKPILLVPGTGTTGPQSFDSNWIPLSTQLGYTPCWISPPPFMLNDTQVNTEYMVNAITALYAGSGNNKLPVLTWSQGGLVAQWGLTFFPSIRSKVDRLMAFAPDYKGTVLAGPQDALAVSAPSVWQQTTGSALTTALRNAGGLTQIVPTTNLYSATDEVCQPQVSNSPLDSSYLFNGKNVQAQAVCGPLFVIDHAGSLTSQFSYVVGRSALRSTTGQARSADYGITDCNPLPANDLTPEQKVAAAALLAPGVAAIVAGPKQNCEPDLMPYARPFAVGKRTCSGIVTP,0.32
1tca24,CCCCC(CC)C(=O)Oc1ccc([N+](=O)[O-])cc1,LPSGSDPAFSQPKSVLDAGLTCQGASPSSVSKPILLVPGTGTTGPQSFDSNWIPLSTQLGYTPCWISPPPFMLNDTQVNTEYMVNAITALYAGSGNNKLPVLTWSQGGLVAQWGLTFFPSIRSKVDRLMAFAPDYKGTVLAGPQDALAVSAPSVWQQTTGSALTTALRNAGGLTQIVPTTNLYSATDEVCQPQVSNSPLDSSYLFNGKNVQAQAVCGPLFVIDHAGSLTSQFSYVVGRSALRSTTGQARSADYGITDCNPLPANDLTPEQKVAAAALLAPGVAAIVAGPKQNCEPDLMPYARPFAVGKRTCSGIVTP,0.5
1tca24,CCOC(=O)C(C)c1ccccc1,LPSGSDPAFSQPKSVLDAGLTCQGASPSSVSKPILLVPGTGTTGPQSFDSNWIPLSTQLGYTPCWISPPPFMLNDTQVNTEYMVNAITALYAGSGNNKLPVLTWSQGGLVAQWGLTFFPSIRSKVDRLMAFAPDYKGTVLAGPQDALAVSAPSVWQQTTGSALTTALRNAGGLTQIVPTTNLYSATDEVCQPQVSNSPLDSSYLFNGKNVQAQAVCGPLFVIDHAGSLTSQFSYVVGRSALRSTTGQARSADYGITDCNPLPANDLTPEQKVAAAALLAPGVAAIVAGPKQNCEPDLMPYARPFAVGKRTCSGIVTP,0.41
1tca24,CCC(C(=O)Oc1ccc(N([O-])[O-])cc1)c1ccccc1,LPSGSDPAFSQPKSVLDAGLTCQGASPSSVSKPILLVPGTGTTGPQSFDSNWIPLSTQLGYTPCWISPPPFMLNDTQVNTEYMVNAITALYAGSGNNKLPVLTWSQGGLVAQWGLTFFPSIRSKVDRLMAFAPDYKGTVLAGPQDALAVSAPSVWQQTTGSALTTALRNAGGLTQIVPTTNLYSATDEVCQPQVSNSPLDSSYLFNGKNVQAQAVCGPLFVIDHAGSLTSQFSYVVGRSALRSTTGQARSADYGITDCNPLPANDLTPEQKVAAAALLAPGVAAIVAGPKQNCEPDLMPYARPFAVGKRTCSGIVTP,0.43
1tca24,Cc2ccc(C(C)C(=O)Oc1ccc(N(=O)=O)cc1)cc2,LPSGSDPAFSQPKSVLDAGLTCQGASPSSVSKPILLVPGTGTTGPQSFDSNWIPLSTQLGYTPCWISPPPFMLNDTQVNTEYMVNAITALYAGSGNNKLPVLTWSQGGLVAQWGLTFFPSIRSKVDRLMAFAPDYKGTVLAGPQDALAVSAPSVWQQTTGSALTTALRNAGGLTQIVPTTNLYSATDEVCQPQVSNSPLDSSYLFNGKNVQAQAVCGPLFVIDHAGSLTSQFSYVVGRSALRSTTGQARSADYGITDCNPLPANDLTPEQKVAAAALLAPGVAAIVAGPKQNCEPDLMPYARPFAVGKRTCSGIVTP,0.5
1tca24,CC(C)Cc1ccc(C(C)C(=O)Oc2ccc([N+](=O)[O-])cc2)cc1,LPSGSDPAFSQPKSVLDAGLTCQGASPSSVSKPILLVPGTGTTGPQSFDSNWIPLSTQLGYTPCWISPPPFMLNDTQVNTEYMVNAITALYAGSGNNKLPVLTWSQGGLVAQWGLTFFPSIRSKVDRLMAFAPDYKGTVLAGPQDALAVSAPSVWQQTTGSALTTALRNAGGLTQIVPTTNLYSATDEVCQPQVSNSPLDSSYLFNGKNVQAQAVCGPLFVIDHAGSLTSQFSYVVGRSALRSTTGQARSADYGITDCNPLPANDLTPEQKVAAAALLAPGVAAIVAGPKQNCEPDLMPYARPFAVGKRTCSGIVTP,0.43
1tca24,CC(C(=O)Oc1ccc([N+](=O)[O-])cc1)c1cccc(C(=O)c2ccccc2)c1,LPSGSDPAFSQPKSVLDAGLTCQGASPSSVSKPILLVPGTGTTGPQSFDSNWIPLSTQLGYTPCWISPPPFMLNDTQVNTEYMVNAITALYAGSGNNKLPVLTWSQGGLVAQWGLTFFPSIRSKVDRLMAFAPDYKGTVLAGPQDALAVSAPSVWQQTTGSALTTALRNAGGLTQIVPTTNLYSATDEVCQPQVSNSPLDSSYLFNGKNVQAQAVCGPLFVIDHAGSLTSQFSYVVGRSALRSTTGQARSADYGITDCNPLPANDLTPEQKVAAAALLAPGVAAIVAGPKQNCEPDLMPYARPFAVGKRTCSGIVTP,0.79
1tca24,CC(C(=O)Oc1ccc([N+](=O)[O-])cc1)c1cccc(Oc2ccccc2)c1,LPSGSDPAFSQPKSVLDAGLTCQGASPSSVSKPILLVPGTGTTGPQSFDSNWIPLSTQLGYTPCWISPPPFMLNDTQVNTEYMVNAITALYAGSGNNKLPVLTWSQGGLVAQWGLTFFPSIRSKVDRLMAFAPDYKGTVLAGPQDALAVSAPSVWQQTTGSALTTALRNAGGLTQIVPTTNLYSATDEVCQPQVSNSPLDSSYLFNGKNVQAQAVCGPLFVIDHAGSLTSQFSYVVGRSALRSTTGQARSADYGITDCNPLPANDLTPEQKVAAAALLAPGVAAIVAGPKQNCEPDLMPYARPFAVGKRTCSGIVTP,0.26
1tca25,CC(C(=O)Oc1ccc([N+](=O)[O-])cc1)c1ccccc1,LPSGSDPAFSQPKSVLDAGLTCQGASPSSVSKPILLVPGTGTTGPQSFDSNWIPLSTQLGYTPCWISPPPFMLNDTQVNTEYMVNAITALYAGSGNNKLPVLTWSQGGLVAQWGLTFFPSIRSKVDRLMAFAPDYKGTVLAGPRDALAVSAPSVWQQTTGSALTTALRNAGGLTQIVPTTNLYSATDEVCQPQVSNSPLDSSYLFNGKNVQAQAVCGPLFVIDHAGSLTSQFSYVVGRSALRSTTGQARSADYGITDCNPLPANDLTPEQKVAAAALLAPGVAAIVAGPKQNCEPDLMPYARPFAVGKRTCSGIVTP,0.39
1tca25,Cc2ccc(C(C)C(=O)Oc1ccc(N(=O)=O)cc1)cc2,LPSGSDPAFSQPKSVLDAGLTCQGASPSSVSKPILLVPGTGTTGPQSFDSNWIPLSTQLGYTPCWISPPPFMLNDTQVNTEYMVNAITALYAGSGNNKLPVLTWSQGGLVAQWGLTFFPSIRSKVDRLMAFAPDYKGTVLAGPRDALAVSAPSVWQQTTGSALTTALRNAGGLTQIVPTTNLYSATDEVCQPQVSNSPLDSSYLFNGKNVQAQAVCGPLFVIDHAGSLTSQFSYVVGRSALRSTTGQARSADYGITDCNPLPANDLTPEQKVAAAALLAPGVAAIVAGPKQNCEPDLMPYARPFAVGKRTCSGIVTP,0.52
1tca25,CC(C)Cc1ccc(C(C)C(=O)Oc2ccc([N+](=O)[O-])cc2)cc1,LPSGSDPAFSQPKSVLDAGLTCQGASPSSVSKPILLVPGTGTTGPQSFDSNWIPLSTQLGYTPCWISPPPFMLNDTQVNTEYMVNAITALYAGSGNNKLPVLTWSQGGLVAQWGLTFFPSIRSKVDRLMAFAPDYKGTVLAGPRDALAVSAPSVWQQTTGSALTTALRNAGGLTQIVPTTNLYSATDEVCQPQVSNSPLDSSYLFNGKNVQAQAVCGPLFVIDHAGSLTSQFSYVVGRSALRSTTGQARSADYGITDCNPLPANDLTPEQKVAAAALLAPGVAAIVAGPKQNCEPDLMPYARPFAVGKRTCSGIVTP,0.4
1tca26,COc1ccc2cc(C(C)C(=O)Oc3ccc([N+](=O)[O-])cc3)ccc2c1,LPSGSDPAFSQPKSVLDAGLTCQGASPSSVSKPILLVPGTGTTGPQSFDSNWIPLSTQLGYTPCWISPPPFMLNDTQVNTEYMVNAITALYAGSGNNKLPVLTWSQGGLVAQWGLTFFPSIRSKVDRLMAFAPDYKGTVLAGPLDALADSAPSVWQQTTGSALTTALRNAGGLTQIVPTTNLYSATDEVCQPQVSNSPLDSSYLFNGKNVQAQAVCGPLFVIDHAGSLTSQFSYVVGRSALRSTTGQARSADYGITDCNPLPANDLTPEQKVAAAALLAPGVAAIVAGPKQNCEPDLMPYARPFAVGKRTCSGIVTP,0.3
1tca26,CCCCCCCCC(C)C(=O)Oc1ccc([N+](=O)[O-])cc1,LPSGSDPAFSQPKSVLDAGLTCQGASPSSVSKPILLVPGTGTTGPQSFDSNWIPLSTQLGYTPCWISPPPFMLNDTQVNTEYMVNAITALYAGSGNNKLPVLTWSQGGLVAQWGLTFFPSIRSKVDRLMAFAPDYKGTVLAGPLDALADSAPSVWQQTTGSALTTALRNAGGLTQIVPTTNLYSATDEVCQPQVSNSPLDSSYLFNGKNVQAQAVCGPLFVIDHAGSLTSQFSYVVGRSALRSTTGQARSADYGITDCNPLPANDLTPEQKVAAAALLAPGVAAIVAGPKQNCEPDLMPYARPFAVGKRTCSGIVTP,0.43
1tca26,CCCCC(CC)C(=O)Oc1ccc([N+](=O)[O-])cc1,LPSGSDPAFSQPKSVLDAGLTCQGASPSSVSKPILLVPGTGTTGPQSFDSNWIPLSTQLGYTPCWISPPPFMLNDTQVNTEYMVNAITALYAGSGNNKLPVLTWSQGGLVAQWGLTFFPSIRSKVDRLMAFAPDYKGTVLAGPLDALADSAPSVWQQTTGSALTTALRNAGGLTQIVPTTNLYSATDEVCQPQVSNSPLDSSYLFNGKNVQAQAVCGPLFVIDHAGSLTSQFSYVVGRSALRSTTGQARSADYGITDCNPLPANDLTPEQKVAAAALLAPGVAAIVAGPKQNCEPDLMPYARPFAVGKRTCSGIVTP,0.49
1tca26,CCOC(=O)C(C)c1ccccc1,LPSGSDPAFSQPKSVLDAGLTCQGASPSSVSKPILLVPGTGTTGPQSFDSNWIPLSTQLGYTPCWISPPPFMLNDTQVNTEYMVNAITALYAGSGNNKLPVLTWSQGGLVAQWGLTFFPSIRSKVDRLMAFAPDYKGTVLAGPLDALADSAPSVWQQTTGSALTTALRNAGGLTQIVPTTNLYSATDEVCQPQVSNSPLDSSYLFNGKNVQAQAVCGPLFVIDHAGSLTSQFSYVVGRSALRSTTGQARSADYGITDCNPLPANDLTPEQKVAAAALLAPGVAAIVAGPKQNCEPDLMPYARPFAVGKRTCSGIVTP,0.47
1tca26,CC(=O)OC(C)c1ccccc1,LPSGSDPAFSQPKSVLDAGLTCQGASPSSVSKPILLVPGTGTTGPQSFDSNWIPLSTQLGYTPCWISPPPFMLNDTQVNTEYMVNAITALYAGSGNNKLPVLTWSQGGLVAQWGLTFFPSIRSKVDRLMAFAPDYKGTVLAGPLDALADSAPSVWQQTTGSALTTALRNAGGLTQIVPTTNLYSATDEVCQPQVSNSPLDSSYLFNGKNVQAQAVCGPLFVIDHAGSLTSQFSYVVGRSALRSTTGQARSADYGITDCNPLPANDLTPEQKVAAAALLAPGVAAIVAGPKQNCEPDLMPYARPFAVGKRTCSGIVTP,0.47
1tca26,Cc2ccc(C(C)C(=O)Oc1ccc(N(=O)=O)cc1)cc2,LPSGSDPAFSQPKSVLDAGLTCQGASPSSVSKPILLVPGTGTTGPQSFDSNWIPLSTQLGYTPCWISPPPFMLNDTQVNTEYMVNAITALYAGSGNNKLPVLTWSQGGLVAQWGLTFFPSIRSKVDRLMAFAPDYKGTVLAGPLDALADSAPSVWQQTTGSALTTALRNAGGLTQIVPTTNLYSATDEVCQPQVSNSPLDSSYLFNGKNVQAQAVCGPLFVIDHAGSLTSQFSYVVGRSALRSTTGQARSADYGITDCNPLPANDLTPEQKVAAAALLAPGVAAIVAGPKQNCEPDLMPYARPFAVGKRTCSGIVTP,0.54
1tca26,CC(C(=O)Oc1ccc([N+](=O)[O-])cc1)c1ccc(-c2ccccc2)c(F)c1,LPSGSDPAFSQPKSVLDAGLTCQGASPSSVSKPILLVPGTGTTGPQSFDSNWIPLSTQLGYTPCWISPPPFMLNDTQVNTEYMVNAITALYAGSGNNKLPVLTWSQGGLVAQWGLTFFPSIRSKVDRLMAFAPDYKGTVLAGPLDALADSAPSVWQQTTGSALTTALRNAGGLTQIVPTTNLYSATDEVCQPQVSNSPLDSSYLFNGKNVQAQAVCGPLFVIDHAGSLTSQFSYVVGRSALRSTTGQARSADYGITDCNPLPANDLTPEQKVAAAALLAPGVAAIVAGPKQNCEPDLMPYARPFAVGKRTCSGIVTP,0.21
1tca26,CC(C(=O)Oc1ccc([N+](=O)[O-])cc1)c1cccc(C(=O)c2ccccc2)c1,LPSGSDPAFSQPKSVLDAGLTCQGASPSSVSKPILLVPGTGTTGPQSFDSNWIPLSTQLGYTPCWISPPPFMLNDTQVNTEYMVNAITALYAGSGNNKLPVLTWSQGGLVAQWGLTFFPSIRSKVDRLMAFAPDYKGTVLAGPLDALADSAPSVWQQTTGSALTTALRNAGGLTQIVPTTNLYSATDEVCQPQVSNSPLDSSYLFNGKNVQAQAVCGPLFVIDHAGSLTSQFSYVVGRSALRSTTGQARSADYGITDCNPLPANDLTPEQKVAAAALLAPGVAAIVAGPKQNCEPDLMPYARPFAVGKRTCSGIVTP,0.31
1tca27,CC(=O)OC(c1ccccc1)c1ccncc1,LPSGSDPAFSQPKSVLDAGLTCQGASPSSVSKPILLVPGTGTTGPQSFDSNWIPLSTQLGYTPCWISPPPFMLNDTQVNTEYMVNAITALYAGSGNNKLPVLTASQGGLVAQWGLTFFPSIRSKVDRLMAFAPDYKGTVLAGPLDALAVSAPSVWQQTTGSALTTALRNAGGLTQIVPTTNLYSATDEIVQPQVSNSPLDSSYLFNGKNVQAQAVCGPLFVIDHAGSLTSQFSYVVGRSALRSTTGQARSADYGITDCNPLPANDLTPEQKVAAAALLAPAAAAIVAGPKQNCEPDLMPYARPFAVGKRTCSGIVTP,0.5
1tca27,CC(=O)OC(c1ccccc1)c1ccccn1,LPSGSDPAFSQPKSVLDAGLTCQGASPSSVSKPILLVPGTGTTGPQSFDSNWIPLSTQLGYTPCWISPPPFMLNDTQVNTEYMVNAITALYAGSGNNKLPVLTASQGGLVAQWGLTFFPSIRSKVDRLMAFAPDYKGTVLAGPLDALAVSAPSVWQQTTGSALTTALRNAGGLTQIVPTTNLYSATDEIVQPQVSNSPLDSSYLFNGKNVQAQAVCGPLFVIDHAGSLTSQFSYVVGRSALRSTTGQARSADYGITDCNPLPANDLTPEQKVAAAALLAPAAAAIVAGPKQNCEPDLMPYARPFAVGKRTCSGIVTP,0.4
1tca27,CC(=O)OC(c1ccccc1)c1ccc(F)cc1,LPSGSDPAFSQPKSVLDAGLTCQGASPSSVSKPILLVPGTGTTGPQSFDSNWIPLSTQLGYTPCWISPPPFMLNDTQVNTEYMVNAITALYAGSGNNKLPVLTASQGGLVAQWGLTFFPSIRSKVDRLMAFAPDYKGTVLAGPLDALAVSAPSVWQQTTGSALTTALRNAGGLTQIVPTTNLYSATDEIVQPQVSNSPLDSSYLFNGKNVQAQAVCGPLFVIDHAGSLTSQFSYVVGRSALRSTTGQARSADYGITDCNPLPANDLTPEQKVAAAALLAPAAAAIVAGPKQNCEPDLMPYARPFAVGKRTCSGIVTP,0.34
1tca27,CC(=O)OC(c1ccccc1)c1ccc(Cl)cc1,LPSGSDPAFSQPKSVLDAGLTCQGASPSSVSKPILLVPGTGTTGPQSFDSNWIPLSTQLGYTPCWISPPPFMLNDTQVNTEYMVNAITALYAGSGNNKLPVLTASQGGLVAQWGLTFFPSIRSKVDRLMAFAPDYKGTVLAGPLDALAVSAPSVWQQTTGSALTTALRNAGGLTQIVPTTNLYSATDEIVQPQVSNSPLDSSYLFNGKNVQAQAVCGPLFVIDHAGSLTSQFSYVVGRSALRSTTGQARSADYGITDCNPLPANDLTPEQKVAAAALLAPAAAAIVAGPKQNCEPDLMPYARPFAVGKRTCSGIVTP,0.11
1tca27,CC(=O)OC(c1ccc(Cl)cc1)c1ccc([Hs-2])cn1,LPSGSDPAFSQPKSVLDAGLTCQGASPSSVSKPILLVPGTGTTGPQSFDSNWIPLSTQLGYTPCWISPPPFMLNDTQVNTEYMVNAITALYAGSGNNKLPVLTASQGGLVAQWGLTFFPSIRSKVDRLMAFAPDYKGTVLAGPLDALAVSAPSVWQQTTGSALTTALRNAGGLTQIVPTTNLYSATDEIVQPQVSNSPLDSSYLFNGKNVQAQAVCGPLFVIDHAGSLTSQFSYVVGRSALRSTTGQARSADYGITDCNPLPANDLTPEQKVAAAALLAPAAAAIVAGPKQNCEPDLMPYARPFAVGKRTCSGIVTP,0.39
1tca28,CC(=O)OC(c1ccccc1)c1cccnc1,LPSGSDPAFSQPKSVLDAGLTCQGASPSSVSKPILLVPGTGTTGPQSFDSNWIPLSTQLGYTPCWISPPPFMLNDTQVNTEYMVNAITALYAGSGNNKLPVLTCSQGGLVAQWGLTFFPSIRSKVDRLMAFAPDYKGTVLAGPLDALAVSAPSVWQQTTGSALTTALRNAGGLTQIVPTTNLYSATDEIVQPQVSNSPLDSSYLFNGKNVQAQAVCGPLFVIDHAGSLTSQFSYVVGRSALRSTTGQARSADYGITDCNPLPANDLTPEQKVAAAALLAPAAAAIVAGPKQNCEPDLMPYARPFAVGKRTCSGIVTP,0.44
1tca28,CC(=O)OC(c1ccccc1)c1ccccn1,LPSGSDPAFSQPKSVLDAGLTCQGASPSSVSKPILLVPGTGTTGPQSFDSNWIPLSTQLGYTPCWISPPPFMLNDTQVNTEYMVNAITALYAGSGNNKLPVLTCSQGGLVAQWGLTFFPSIRSKVDRLMAFAPDYKGTVLAGPLDALAVSAPSVWQQTTGSALTTALRNAGGLTQIVPTTNLYSATDEIVQPQVSNSPLDSSYLFNGKNVQAQAVCGPLFVIDHAGSLTSQFSYVVGRSALRSTTGQARSADYGITDCNPLPANDLTPEQKVAAAALLAPAAAAIVAGPKQNCEPDLMPYARPFAVGKRTCSGIVTP,0.39
1tca28,CC(=O)OC(c1ccccc1)c1ccc(F)cc1,LPSGSDPAFSQPKSVLDAGLTCQGASPSSVSKPILLVPGTGTTGPQSFDSNWIPLSTQLGYTPCWISPPPFMLNDTQVNTEYMVNAITALYAGSGNNKLPVLTCSQGGLVAQWGLTFFPSIRSKVDRLMAFAPDYKGTVLAGPLDALAVSAPSVWQQTTGSALTTALRNAGGLTQIVPTTNLYSATDEIVQPQVSNSPLDSSYLFNGKNVQAQAVCGPLFVIDHAGSLTSQFSYVVGRSALRSTTGQARSADYGITDCNPLPANDLTPEQKVAAAALLAPAAAAIVAGPKQNCEPDLMPYARPFAVGKRTCSGIVTP,0.27
1tca28,CC(=O)OC(c1ccccc1)c1ccc(Br)cc1,LPSGSDPAFSQPKSVLDAGLTCQGASPSSVSKPILLVPGTGTTGPQSFDSNWIPLSTQLGYTPCWISPPPFMLNDTQVNTEYMVNAITALYAGSGNNKLPVLTCSQGGLVAQWGLTFFPSIRSKVDRLMAFAPDYKGTVLAGPLDALAVSAPSVWQQTTGSALTTALRNAGGLTQIVPTTNLYSATDEIVQPQVSNSPLDSSYLFNGKNVQAQAVCGPLFVIDHAGSLTSQFSYVVGRSALRSTTGQARSADYGITDCNPLPANDLTPEQKVAAAALLAPAAAAIVAGPKQNCEPDLMPYARPFAVGKRTCSGIVTP,0.28
1tca28,CC(=O)OC(c1ccc(C)cc1)c1ccc(F)cc1,LPSGSDPAFSQPKSVLDAGLTCQGASPSSVSKPILLVPGTGTTGPQSFDSNWIPLSTQLGYTPCWISPPPFMLNDTQVNTEYMVNAITALYAGSGNNKLPVLTCSQGGLVAQWGLTFFPSIRSKVDRLMAFAPDYKGTVLAGPLDALAVSAPSVWQQTTGSALTTALRNAGGLTQIVPTTNLYSATDEIVQPQVSNSPLDSSYLFNGKNVQAQAVCGPLFVIDHAGSLTSQFSYVVGRSALRSTTGQARSADYGITDCNPLPANDLTPEQKVAAAALLAPAAAAIVAGPKQNCEPDLMPYARPFAVGKRTCSGIVTP,0.26
1tca28,CC(=O)OC(c1ccc(Cl)cc1)c1ccc([Hs-2])cn1,LPSGSDPAFSQPKSVLDAGLTCQGASPSSVSKPILLVPGTGTTGPQSFDSNWIPLSTQLGYTPCWISPPPFMLNDTQVNTEYMVNAITALYAGSGNNKLPVLTCSQGGLVAQWGLTFFPSIRSKVDRLMAFAPDYKGTVLAGPLDALAVSAPSVWQQTTGSALTTALRNAGGLTQIVPTTNLYSATDEIVQPQVSNSPLDSSYLFNGKNVQAQAVCGPLFVIDHAGSLTSQFSYVVGRSALRSTTGQARSADYGITDCNPLPANDLTPEQKVAAAALLAPAAAAIVAGPKQNCEPDLMPYARPFAVGKRTCSGIVTP,0.45
1tca28,CC(=O)OC(C)c1ccccc1,LPSGSDPAFSQPKSVLDAGLTCQGASPSSVSKPILLVPGTGTTGPQSFDSNWIPLSTQLGYTPCWISPPPFMLNDTQVNTEYMVNAITALYAGSGNNKLPVLTCSQGGLVAQWGLTFFPSIRSKVDRLMAFAPDYKGTVLAGPLDALAVSAPSVWQQTTGSALTTALRNAGGLTQIVPTTNLYSATDEIVQPQVSNSPLDSSYLFNGKNVQAQAVCGPLFVIDHAGSLTSQFSYVVGRSALRSTTGQARSADYGITDCNPLPANDLTPEQKVAAAALLAPAAAAIVAGPKQNCEPDLMPYARPFAVGKRTCSGIVTP,0.44
1tca28,CC(=O)OC(C)c1ccccc1,LPSGSDPAFSQPKSVLDAGLTCQGASPSSVSKPILLVPGTGTTGPQSFDSNWIPLSTQLGYTPCWISPPPFMLNDTQVNTEYMVNAITALYAGSGNNKLPVLTCSQGGLVAQWGLTFFPSIRSKVDRLMAFAPDYKGTVLAGPLDALAVSAPSVWQQTTGSALTTALRNAGGLTQIVPTTNLYSATDEIVQPQVSNSPLDSSYLFNGKNVQAQAVCGPLFVIDHAGSLTSQFSYVVGRSALRSTTGQARSADYGITDCNPLPANDLTPEQKVAAAALLAPAAAAIVAGPKQNCEPDLMPYARPFAVGKRTCSGIVTP,0.37
1tca29,CC(=O)OC(c1ccccc1)c1ccncc1,LPSGSDPAFSQPKSVLDAGLTCQGASPSSVSKPILLVPGTGTTGPQSFDSNWIPLSTQLGYTPCWISPPPFMLNDTQVNTEYMVNAITALYAGSGNNKLPVLTSSQGGLVAQWGLTFFPSIRSKVDRLMAFAPDYKGTVLAGPLDALAVSAPSVWQQTTGSALTTALRNAGGLTQIVPTTNLYSATDEIVQPQVSNSPLDSSYLFNGKNVQAQAVCGPLFVIDHAGSLTSQFSYVVGRSALRSTTGQARSADYGITDCNPLPANDLTPEQKVAAAALLAPAAAAIVAGPKQNCEPDLMPYARPFAVGKRTCSGIVTP,0.5
1tca29,CC(=O)OC(c1ccccc1)c1cccnc1,LPSGSDPAFSQPKSVLDAGLTCQGASPSSVSKPILLVPGTGTTGPQSFDSNWIPLSTQLGYTPCWISPPPFMLNDTQVNTEYMVNAITALYAGSGNNKLPVLTSSQGGLVAQWGLTFFPSIRSKVDRLMAFAPDYKGTVLAGPLDALAVSAPSVWQQTTGSALTTALRNAGGLTQIVPTTNLYSATDEIVQPQVSNSPLDSSYLFNGKNVQAQAVCGPLFVIDHAGSLTSQFSYVVGRSALRSTTGQARSADYGITDCNPLPANDLTPEQKVAAAALLAPAAAAIVAGPKQNCEPDLMPYARPFAVGKRTCSGIVTP,0.34
1tca29,CC(=O)OC(c1ccccc1)c1ccccn1,LPSGSDPAFSQPKSVLDAGLTCQGASPSSVSKPILLVPGTGTTGPQSFDSNWIPLSTQLGYTPCWISPPPFMLNDTQVNTEYMVNAITALYAGSGNNKLPVLTSSQGGLVAQWGLTFFPSIRSKVDRLMAFAPDYKGTVLAGPLDALAVSAPSVWQQTTGSALTTALRNAGGLTQIVPTTNLYSATDEIVQPQVSNSPLDSSYLFNGKNVQAQAVCGPLFVIDHAGSLTSQFSYVVGRSALRSTTGQARSADYGITDCNPLPANDLTPEQKVAAAALLAPAAAAIVAGPKQNCEPDLMPYARPFAVGKRTCSGIVTP,0.32
1tca29,CC(=O)OC(c1ccccc1)c1ccc(F)cc1,LPSGSDPAFSQPKSVLDAGLTCQGASPSSVSKPILLVPGTGTTGPQSFDSNWIPLSTQLGYTPCWISPPPFMLNDTQVNTEYMVNAITALYAGSGNNKLPVLTSSQGGLVAQWGLTFFPSIRSKVDRLMAFAPDYKGTVLAGPLDALAVSAPSVWQQTTGSALTTALRNAGGLTQIVPTTNLYSATDEIVQPQVSNSPLDSSYLFNGKNVQAQAVCGPLFVIDHAGSLTSQFSYVVGRSALRSTTGQARSADYGITDCNPLPANDLTPEQKVAAAALLAPAAAAIVAGPKQNCEPDLMPYARPFAVGKRTCSGIVTP,0.05
1tca29,CC(=O)OC(c1ccccc1)c1ccc(Br)cc1,LPSGSDPAFSQPKSVLDAGLTCQGASPSSVSKPILLVPGTGTTGPQSFDSNWIPLSTQLGYTPCWISPPPFMLNDTQVNTEYMVNAITALYAGSGNNKLPVLTSSQGGLVAQWGLTFFPSIRSKVDRLMAFAPDYKGTVLAGPLDALAVSAPSVWQQTTGSALTTALRNAGGLTQIVPTTNLYSATDEIVQPQVSNSPLDSSYLFNGKNVQAQAVCGPLFVIDHAGSLTSQFSYVVGRSALRSTTGQARSADYGITDCNPLPANDLTPEQKVAAAALLAPAAAAIVAGPKQNCEPDLMPYARPFAVGKRTCSGIVTP,0.06
1tca29,CC(=O)OC(c1ccc(C)cc1)c1ccc(F)cc1,LPSGSDPAFSQPKSVLDAGLTCQGASPSSVSKPILLVPGTGTTGPQSFDSNWIPLSTQLGYTPCWISPPPFMLNDTQVNTEYMVNAITALYAGSGNNKLPVLTSSQGGLVAQWGLTFFPSIRSKVDRLMAFAPDYKGTVLAGPLDALAVSAPSVWQQTTGSALTTALRNAGGLTQIVPTTNLYSATDEIVQPQVSNSPLDSSYLFNGKNVQAQAVCGPLFVIDHAGSLTSQFSYVVGRSALRSTTGQARSADYGITDCNPLPANDLTPEQKVAAAALLAPAAAAIVAGPKQNCEPDLMPYARPFAVGKRTCSGIVTP,0.07
1tca29,CC(=O)OC(c1ccc(Cl)cc1)c1ccc([Hs-2])cn1,LPSGSDPAFSQPKSVLDAGLTCQGASPSSVSKPILLVPGTGTTGPQSFDSNWIPLSTQLGYTPCWISPPPFMLNDTQVNTEYMVNAITALYAGSGNNKLPVLTSSQGGLVAQWGLTFFPSIRSKVDRLMAFAPDYKGTVLAGPLDALAVSAPSVWQQTTGSALTTALRNAGGLTQIVPTTNLYSATDEIVQPQVSNSPLDSSYLFNGKNVQAQAVCGPLFVIDHAGSLTSQFSYVVGRSALRSTTGQARSADYGITDCNPLPANDLTPEQKVAAAALLAPAAAAIVAGPKQNCEPDLMPYARPFAVGKRTCSGIVTP,0.45
1tca30,CC(=O)OC(c1ccccc1)c1ccncc1,LPSGSDPAFSQPKSVLDAGLTCQGASPSSVSKPILLVPGTGTTGPQSFDSNWIPLSTQLGYTPCWISPPPFMLNDTQVNTEYMVNAITALYAGSGNNKLPVLTTSQGGLVAQWGLTFFPSIRSKVDRLMAFAPDYKGTVLAGPLDALAVSAPSVWQQTTGSALTTALRNAGGLTQIVPTTNLYSATDEIVQPQVSNSPLDSSYLFNGKNVQAQAVCGPLFVIDHAGSLTSQFSYVVGRSALRSTTGQARSADYGITDCNPLPANDLTPEQKVAAAALLAPAAAAIVAGPKQNCEPDLMPYARPFAVGKRTCSGIVTP,0.49
1tca30,CC(=O)OC(c1ccccc1)c1cccnc1,LPSGSDPAFSQPKSVLDAGLTCQGASPSSVSKPILLVPGTGTTGPQSFDSNWIPLSTQLGYTPCWISPPPFMLNDTQVNTEYMVNAITALYAGSGNNKLPVLTTSQGGLVAQWGLTFFPSIRSKVDRLMAFAPDYKGTVLAGPLDALAVSAPSVWQQTTGSALTTALRNAGGLTQIVPTTNLYSATDEIVQPQVSNSPLDSSYLFNGKNVQAQAVCGPLFVIDHAGSLTSQFSYVVGRSALRSTTGQARSADYGITDCNPLPANDLTPEQKVAAAALLAPAAAAIVAGPKQNCEPDLMPYARPFAVGKRTCSGIVTP,0.45
1tca30,CC(=O)OC(c1ccccc1)c1ccccn1,LPSGSDPAFSQPKSVLDAGLTCQGASPSSVSKPILLVPGTGTTGPQSFDSNWIPLSTQLGYTPCWISPPPFMLNDTQVNTEYMVNAITALYAGSGNNKLPVLTTSQGGLVAQWGLTFFPSIRSKVDRLMAFAPDYKGTVLAGPLDALAVSAPSVWQQTTGSALTTALRNAGGLTQIVPTTNLYSATDEIVQPQVSNSPLDSSYLFNGKNVQAQAVCGPLFVIDHAGSLTSQFSYVVGRSALRSTTGQARSADYGITDCNPLPANDLTPEQKVAAAALLAPAAAAIVAGPKQNCEPDLMPYARPFAVGKRTCSGIVTP,0.34
1tca30,CC(=O)OC(c1ccccc1)c1ccc(F)cc1,LPSGSDPAFSQPKSVLDAGLTCQGASPSSVSKPILLVPGTGTTGPQSFDSNWIPLSTQLGYTPCWISPPPFMLNDTQVNTEYMVNAITALYAGSGNNKLPVLTTSQGGLVAQWGLTFFPSIRSKVDRLMAFAPDYKGTVLAGPLDALAVSAPSVWQQTTGSALTTALRNAGGLTQIVPTTNLYSATDEIVQPQVSNSPLDSSYLFNGKNVQAQAVCGPLFVIDHAGSLTSQFSYVVGRSALRSTTGQARSADYGITDCNPLPANDLTPEQKVAAAALLAPAAAAIVAGPKQNCEPDLMPYARPFAVGKRTCSGIVTP,0.3
1tca30,CC(=O)OC(c1ccccc1)c1ccc(Cl)cc1,LPSGSDPAFSQPKSVLDAGLTCQGASPSSVSKPILLVPGTGTTGPQSFDSNWIPLSTQLGYTPCWISPPPFMLNDTQVNTEYMVNAITALYAGSGNNKLPVLTTSQGGLVAQWGLTFFPSIRSKVDRLMAFAPDYKGTVLAGPLDALAVSAPSVWQQTTGSALTTALRNAGGLTQIVPTTNLYSATDEIVQPQVSNSPLDSSYLFNGKNVQAQAVCGPLFVIDHAGSLTSQFSYVVGRSALRSTTGQARSADYGITDCNPLPANDLTPEQKVAAAALLAPAAAAIVAGPKQNCEPDLMPYARPFAVGKRTCSGIVTP,0.14
1tca30,CC(=O)OC(c1ccc(C)cc1)c1ccc(F)cc1,LPSGSDPAFSQPKSVLDAGLTCQGASPSSVSKPILLVPGTGTTGPQSFDSNWIPLSTQLGYTPCWISPPPFMLNDTQVNTEYMVNAITALYAGSGNNKLPVLTTSQGGLVAQWGLTFFPSIRSKVDRLMAFAPDYKGTVLAGPLDALAVSAPSVWQQTTGSALTTALRNAGGLTQIVPTTNLYSATDEIVQPQVSNSPLDSSYLFNGKNVQAQAVCGPLFVIDHAGSLTSQFSYVVGRSALRSTTGQARSADYGITDCNPLPANDLTPEQKVAAAALLAPAAAAIVAGPKQNCEPDLMPYARPFAVGKRTCSGIVTP,0.19
1tca30,CC(=O)OC(c1ccc(Cl)cc1)c1ccc([Hs-2])cn1,LPSGSDPAFSQPKSVLDAGLTCQGASPSSVSKPILLVPGTGTTGPQSFDSNWIPLSTQLGYTPCWISPPPFMLNDTQVNTEYMVNAITALYAGSGNNKLPVLTTSQGGLVAQWGLTFFPSIRSKVDRLMAFAPDYKGTVLAGPLDALAVSAPSVWQQTTGSALTTALRNAGGLTQIVPTTNLYSATDEIVQPQVSNSPLDSSYLFNGKNVQAQAVCGPLFVIDHAGSLTSQFSYVVGRSALRSTTGQARSADYGITDCNPLPANDLTPEQKVAAAALLAPAAAAIVAGPKQNCEPDLMPYARPFAVGKRTCSGIVTP,0.33
1tca31,CC(=O)OC(c1ccccc1)c1cccnc1,LPSGSDPAFSQPKSVLDAGLTCQGASPSSVSKPILLVPGTGATGPQSFDSNWIPLSTQLGYTPCWISPPPFMLNDTQVNTEYMVNAITALYAGSGNNKLPVLTASQGGLVAQWGLTFFPSIRSKVDRLMAFAPDYKGTVLAGPLDALAVSAPSVWQQTTGSALTTALRNAGGLTQIVPTTNLYSATDEIVQPQVSNSPLDSSYLFNGKNVQAQAVCGPLFVIDHAGSLTSQFSYVVGRSALRSTTGQARSADYGITDCNPLPANDLTPEQKVAAAALLAPAAAAIVAGPKQNCEPDLMPYARPFAVGKRTCSGIVTP,0.43
1tca32,CC(=O)OC(c1ccccc1)c1ccncc1,LPSGSDPAFSQPKSVLDAGLTCQGASPSSVSKPILLVPGTGTTGPQAFDSNWIPLSTQLGYTPCWISPPPFMLNDTQVNTEYMVNAITALYAGSGNNKLPVLTASQGGLVAQWGLTFFPSIRSKVDRLMAFAPDYKGTVLAGPLDALAVSAPSVWQQTTGSALTTALRNAGGLTQIVPTTNLYSATDEIVQPQVSNSPLDSSYLFNGKNVQAQAVCGPLFVIDHAGSLTSQFSYVVGRSALRSTTGQARSADYGITDCNPLPANDLTPEQKVAAAALLAPAAAAIVAGPKQNCEPDLMPYARPFAVGKRTCSGIVTP,0.47
1tca32,CC(=O)OC(c1ccccc1)c1ccccn1,LPSGSDPAFSQPKSVLDAGLTCQGASPSSVSKPILLVPGTGTTGPQAFDSNWIPLSTQLGYTPCWISPPPFMLNDTQVNTEYMVNAITALYAGSGNNKLPVLTASQGGLVAQWGLTFFPSIRSKVDRLMAFAPDYKGTVLAGPLDALAVSAPSVWQQTTGSALTTALRNAGGLTQIVPTTNLYSATDEIVQPQVSNSPLDSSYLFNGKNVQAQAVCGPLFVIDHAGSLTSQFSYVVGRSALRSTTGQARSADYGITDCNPLPANDLTPEQKVAAAALLAPAAAAIVAGPKQNCEPDLMPYARPFAVGKRTCSGIVTP,0.5
1tca33,CC(=O)OC(c1ccccc1)c1ccccn1,LPSGSDPAFSQPKSVLDAGLTCQGASPSSVSKPILLVPGTGATGPQSFDSNWIPLSTQLGYTPCWISPPPFMLNDTQVNTEYMVNAITALYAGSGNNKLPVLTCSQGGLVAQWGLTFFPSIRSKVDRLMAFAPDYKGTVLAGPLDALAVSAPSVWQQTTGSALTTALRNAGGLTQIVPTTNLYSATDEIVQPQVSNSPLDSSYLFNGKNVQAQAVCGPLFVIDHAGSLTSQFSYVVGRSALRSTTGQARSADYGITDCNPLPANDLTPEQKVAAAALLAPAAAAIVAGPKQNCEPDLMPYARPFAVGKRTCSGIVTP,0.43
1tca34,CC(=O)OC(c1ccccc1)c1ccncc1,LPSGSDPAFSQPKSVLDAGLTCQGASPSSVSKPILLVPGTGTTGPQAFDSNWIPLSTQLGYTPCWISPPPFMLNDTQVNTEYMVNAITALYAGSGNNKLPVLTCSQGGLVAQWGLTFFPSIRSKVDRLMAFAPDYKGTVLAGPLDALAVSAPSVWQQTTGSALTTALRNAGGLTQIVPTTNLYSATDEIVQPQVSNSPLDSSYLFNGKNVQAQAVCGPLFVIDHAGSLTSQFSYVVGRSALRSTTGQARSADYGITDCNPLPANDLTPEQKVAAAALLAPAAAAIVAGPKQNCEPDLMPYARPFAVGKRTCSGIVTP,0.35
1tca34,CC(=O)OC(c1ccccc1)c1ccccn1,LPSGSDPAFSQPKSVLDAGLTCQGASPSSVSKPILLVPGTGTTGPQAFDSNWIPLSTQLGYTPCWISPPPFMLNDTQVNTEYMVNAITALYAGSGNNKLPVLTCSQGGLVAQWGLTFFPSIRSKVDRLMAFAPDYKGTVLAGPLDALAVSAPSVWQQTTGSALTTALRNAGGLTQIVPTTNLYSATDEIVQPQVSNSPLDSSYLFNGKNVQAQAVCGPLFVIDHAGSLTSQFSYVVGRSALRSTTGQARSADYGITDCNPLPANDLTPEQKVAAAALLAPAAAAIVAGPKQNCEPDLMPYARPFAVGKRTCSGIVTP,0.46
1tca35,CC(=O)OC(c1ccccc1)c1cccnc1,LPSGSDPAFSQPKSVLDAGLTCQGASPSSVSKPILLVPGTGTTGPQSFDSNWIPLSTQLGYTPCWISPPPFMLNDTQVNTEYMVNAITALYAGSGNNKLPVLTVSQGGLVAQWGLTFFPSIRSKVDRLMAFAPDYKGTVLAGPLDALAVSAPSVWQQTTGSALTTALRNAGGLTQIVPTTNLYSATDEIVQPQVSNSPLDSSYLFNGKNVQAQAVCGPLFVIDHAGSLTSQFSYVVGRSALRSTTGQARSADYGITDCNPLPANDLTPEQKVAAAALLAPLKAAIVAGPKQNCEPDLMPYARPFAVGKRTCSGIVTP,0.1
1tca36,CC(=O)OC(c1ccccc1)c1cccnc1,LPSGSDPAFSQPKSVLDAGLTCQGASPSSVSKPILLVPGTGTTGPQSFDSNWIPLSTQLGYTPCWISPPPFMLNDTQVNTEYMVNAITALYAGSGNNKLPVLTVSQGGLVAQWGLTFFPSIRSKVDRLMAFAPDYKGTVLAGPLDALAVSAPSVWQQTTGSALTTALRNAGGLTQIVPTTNLYSATDEIVQPQVSNSPLDSSYLFNGKNVQAQAVCGPLFVIDHAGSLTSQFSYVVGRSALRSTTGQARSADYGITDCNPLPANDLTPEQKVAAAALLAPSAAAIVAGPKQNCEPDLMPYARPFAVGKRTCSGIVTP,0.49
1tca37,CC(=O)OC(c1ccccc1)c1cccnc1,LPSGSDPAFSQPKSVLDAGLTCQGASPSSVSKPILLVPGTGTTGPQSFDSNWIPLSTQLGYTPCWISPPPFMLNDTQVNTEYMVNAITALYAGSGNNKLPVLTVSQGGLVAQWGLTFFPSIRSKVDRLMAFAPDYKGTVLAGPLDALAVSAPSVWQQTTGSALTTALRNAGGLTQIVPTTNLYSATDEIVQPQVSNSPLDSSYLFNGKNVQAQAVCGPLFVIDHAGSLTSQFSYVVGRSALRSTTGQARSADYGITDCNPLPANDLTPEQKVAAAALLAPCAAAIVAGPKQNCEPDLMPYARPFAVGKRTCSGIVTP,0.38
1tca44,CC(C(=O)Oc1ccc([N+](=O)[O-])cc1)c1ccccc1,LPSGSDPAFSQPKSVLDAGLTCQGASPSSVSKPILLVPGTGTTGPQSFDSNWIPLSTQLGYTPCWISPPPFMLNDTQVNTEYMVNAITALYAGSGNNKLPVLTWSQGGLVAQWGLTFFPSIRSKVDRLMAFAPDYKGTVLAGPLDALAVSAPSVWQQTTGSALTTALRNAGGLTQIVPTTNLYSATDEIVQPQVSNSPLDSSYLFNGKNVQAQAVCGPLFVIDHAGSLTSQFSYVVGRSALRSTTGQARSADYGITDCNPLPANDLTPEQKVAAAALLAPGAAAIVAGPKQNCEPDLMPYARPFAVGKRTCSGIVTP,0.42
1tca50,CC(C(=O)Oc1ccc([N+](=O)[O-])cc1)c1ccccc1,LPSGSDPAFSQPKSVLDAGLTCQGASPSSVSKPILLVPGTGTTGPQSFDSNWIPLSTQLGYTPCWISPPPFMLNDTQVNTEYMVNAITALYAGSGNNKLPVLTWSQGGLVAQWGLTFFPSIRSKVDRLMAFAPDYKGTVLAGPLDALAVSAPSVWQQTTGSALTTALRNAGGLTQIVPTTNLYSATDEIVQPQVSNSPLDSSYLFNGKNVQAQAVCGPLFVIDHAGSLTSQFSYVVGRSALRSTTGQARSADYGITDCNPLPANDLTPEQKVAAAALLAPGVAAIVAGPKQNCEPDLMPYARPFAVGKRTCSGIVTP,0.45
1tca50,CC(C(=O)Oc1ccc([N+](=O)[O-])cc1)c1cccc(C(=O)c2ccccc2)c1,LPSGSDPAFSQPKSVLDAGLTCQGASPSSVSKPILLVPGTGTTGPQSFDSNWIPLSTQLGYTPCWISPPPFMLNDTQVNTEYMVNAITALYAGSGNNKLPVLTWSQGGLVAQWGLTFFPSIRSKVDRLMAFAPDYKGTVLAGPLDALAVSAPSVWQQTTGSALTTALRNAGGLTQIVPTTNLYSATDEIVQPQVSNSPLDSSYLFNGKNVQAQAVCGPLFVIDHAGSLTSQFSYVVGRSALRSTTGQARSADYGITDCNPLPANDLTPEQKVAAAALLAPGVAAIVAGPKQNCEPDLMPYARPFAVGKRTCSGIVTP,0.43
1tca50,CC(C(=O)Oc1ccc([N+](=O)[O-])cc1)c1cccc(Oc2ccccc2)c1,LPSGSDPAFSQPKSVLDAGLTCQGASPSSVSKPILLVPGTGTTGPQSFDSNWIPLSTQLGYTPCWISPPPFMLNDTQVNTEYMVNAITALYAGSGNNKLPVLTWSQGGLVAQWGLTFFPSIRSKVDRLMAFAPDYKGTVLAGPLDALAVSAPSVWQQTTGSALTTALRNAGGLTQIVPTTNLYSATDEIVQPQVSNSPLDSSYLFNGKNVQAQAVCGPLFVIDHAGSLTSQFSYVVGRSALRSTTGQARSADYGITDCNPLPANDLTPEQKVAAAALLAPGVAAIVAGPKQNCEPDLMPYARPFAVGKRTCSGIVTP,0.41
1tca55,CC(=O)OC(C)c1ccccc1,LPSGSDPAFSQPKSVLDAGLTCQGASPSSVSKPILLVPGTGTTGPQSFDSNWIPLSTQLGYTPCWISPPPFMLNDTQVNTEYMVNAITALYAGSGNNKLPVLTASQGGLVAQWGLTFFPSIRSKVDRLMAFAPDYKGTVLAGPLDALAVSAPSVWQQTTGSALTTALRNAGGLTQIVPTTNLYSATDEIVQPQVSNSPLDSSYLFNGKNVQAQAVCGPLFVIDHAGSLTSQFSYVVGRSALRSTTGQARSADYGITDCNPLPANDLTPEQKVAAAALLAPAAAAIVAGPKQNCEPDLMPYARPFAVGKRTCSGIVTP,0.09
1tca55,C=CCC(OC(C)=O)c1ccccc1,LPSGSDPAFSQPKSVLDAGLTCQGASPSSVSKPILLVPGTGTTGPQSFDSNWIPLSTQLGYTPCWISPPPFMLNDTQVNTEYMVNAITALYAGSGNNKLPVLTASQGGLVAQWGLTFFPSIRSKVDRLMAFAPDYKGTVLAGPLDALAVSAPSVWQQTTGSALTTALRNAGGLTQIVPTTNLYSATDEIVQPQVSNSPLDSSYLFNGKNVQAQAVCGPLFVIDHAGSLTSQFSYVVGRSALRSTTGQARSADYGITDCNPLPANDLTPEQKVAAAALLAPAAAAIVAGPKQNCEPDLMPYARPFAVGKRTCSGIVTP,0.48
1tca55,CC(=O)OC(C)c1ccccc1,LPSGSDPAFSQPKSVLDAGLTCQGASPSSVSKPILLVPGTGTTGPQSFDSNWIPLSTQLGYTPCWISPPPFMLNDTQVNTEYMVNAITALYAGSGNNKLPVLTASQGGLVAQWGLTFFPSIRSKVDRLMAFAPDYKGTVLAGPLDALAVSAPSVWQQTTGSALTTALRNAGGLTQIVPTTNLYSATDEIVQPQVSNSPLDSSYLFNGKNVQAQAVCGPLFVIDHAGSLTSQFSYVVGRSALRSTTGQARSADYGITDCNPLPANDLTPEQKVAAAALLAPAAAAIVAGPKQNCEPDLMPYARPFAVGKRTCSGIVTP,0.49
1tca56,CC(=O)OC(C)c1ccccc1,LPSGSDPAFSQPKSVLDAGLTCQGASPSSVSKPILLVPGTGTTGPQSFDSNWIPLSTQLGYTPCWISPPPFMLNDTQVNTEYMVNAITALYAGSGNNKLPVLTLSQGGLVAQWGLTFFPSIRSKVDRLMAFAPDYKGTVLAGPLDALAVSAPSVWQQTTGSALTTALRNAGGLTQIVPTTNLYSATDEIVQPQVSNSPLDSSYLFNGKNVQAQAVCGPLFVIDHAGSLTSQFSYVVGRSALRSTTGQARSADYGITDCNPLPANDLTPEQKVAAAALLAPAAAAIVAGPKQNCEPDLMPYARPFAVGKRTCSGIVTP,0.5
1tca77,CC(=O)OC(C)c1ccccc1,LPSGSDPAFSQPKSVLDAGLTCQGASPSSVSKPILLVPGTGTTGPQSFDSNWIPLSTQLGYTPCWISPPPFMLNDTQVNTEYMVNAITALYAGSGNNKLPVLTWCQGGLVAQWGLTFFPSIRSKVDRLMAFAPDYKGTVLAGPLDALAVSAPSVWQQTTGSALTTALRNAGGLTQIVPTTNLYSATDEIVQPQVSNSPLDSSYLFNGKNVQAQAVCGPLFVIDHAGSLTSQFSYVVGRSALRSTTGQARSADYGITDCNPLPANDLTPEQKVAAAALLAPAAAAIVAGPKQNCEPDLMPYARPFAVGKRTCSGIVTP,0.05
1tca77,CCC(OC(C)=O)c1ccccc1,LPSGSDPAFSQPKSVLDAGLTCQGASPSSVSKPILLVPGTGTTGPQSFDSNWIPLSTQLGYTPCWISPPPFMLNDTQVNTEYMVNAITALYAGSGNNKLPVLTWCQGGLVAQWGLTFFPSIRSKVDRLMAFAPDYKGTVLAGPLDALAVSAPSVWQQTTGSALTTALRNAGGLTQIVPTTNLYSATDEIVQPQVSNSPLDSSYLFNGKNVQAQAVCGPLFVIDHAGSLTSQFSYVVGRSALRSTTGQARSADYGITDCNPLPANDLTPEQKVAAAALLAPAAAAIVAGPKQNCEPDLMPYARPFAVGKRTCSGIVTP,0.05
1tca77,C=CCC(OC(C)=O)c1ccccc1,LPSGSDPAFSQPKSVLDAGLTCQGASPSSVSKPILLVPGTGTTGPQSFDSNWIPLSTQLGYTPCWISPPPFMLNDTQVNTEYMVNAITALYAGSGNNKLPVLTWCQGGLVAQWGLTFFPSIRSKVDRLMAFAPDYKGTVLAGPLDALAVSAPSVWQQTTGSALTTALRNAGGLTQIVPTTNLYSATDEIVQPQVSNSPLDSSYLFNGKNVQAQAVCGPLFVIDHAGSLTSQFSYVVGRSALRSTTGQARSADYGITDCNPLPANDLTPEQKVAAAALLAPAAAAIVAGPKQNCEPDLMPYARPFAVGKRTCSGIVTP,0.06
1tca77,CCOC(=O)C(C)c1ccc(CC(C)C)cc1,LPSGSDPAFSQPKSVLDAGLTCQGASPSSVSKPILLVPGTGTTGPQSFDSNWIPLSTQLGYTPCWISPPPFMLNDTQVNTEYMVNAITALYAGSGNNKLPVLTWCQGGLVAQWGLTFFPSIRSKVDRLMAFAPDYKGTVLAGPLDALAVSAPSVWQQTTGSALTTALRNAGGLTQIVPTTNLYSATDEIVQPQVSNSPLDSSYLFNGKNVQAQAVCGPLFVIDHAGSLTSQFSYVVGRSALRSTTGQARSADYGITDCNPLPANDLTPEQKVAAAALLAPAAAAIVAGPKQNCEPDLMPYARPFAVGKRTCSGIVTP,0.13
1tca78,CC(=O)OC(C)c1ccccc1,LPSGSDPAFSQPKSVLDAGLTCQGASPSSVSKPILLVPGTGTTGPQSFDSNWIPLSTQLGYTPCWISPPPFMLNDTQVNTEYMVNAITALYAGSGNNKLPVLTVCQGGLVAQWGLTFFPSIRSKVDRLMAFAPDYKGTVLAGPLDALAGSAPSVWQQTTGSALTTALRNAGGLTQIVPTTNLYSATDEIVQPQVSNSPLDSSYLFNGKNVQAQAVCGPLFVIDHAGSLTSQFSYVVGRSALRSTTGQARSADYGITDCNPLPANDLTPEQKVAAAALLAPYYAAIVAGPKQNCEPDLMPYARPFAVGKRTCSGIVTP,0.22
1tca78,CCC(OC(C)=O)c1ccccc1,LPSGSDPAFSQPKSVLDAGLTCQGASPSSVSKPILLVPGTGTTGPQSFDSNWIPLSTQLGYTPCWISPPPFMLNDTQVNTEYMVNAITALYAGSGNNKLPVLTVCQGGLVAQWGLTFFPSIRSKVDRLMAFAPDYKGTVLAGPLDALAGSAPSVWQQTTGSALTTALRNAGGLTQIVPTTNLYSATDEIVQPQVSNSPLDSSYLFNGKNVQAQAVCGPLFVIDHAGSLTSQFSYVVGRSALRSTTGQARSADYGITDCNPLPANDLTPEQKVAAAALLAPYYAAIVAGPKQNCEPDLMPYARPFAVGKRTCSGIVTP,0.31
1tca78,CCOC(=O)C(C)c1ccc(CC(C)C)cc1,LPSGSDPAFSQPKSVLDAGLTCQGASPSSVSKPILLVPGTGTTGPQSFDSNWIPLSTQLGYTPCWISPPPFMLNDTQVNTEYMVNAITALYAGSGNNKLPVLTVCQGGLVAQWGLTFFPSIRSKVDRLMAFAPDYKGTVLAGPLDALAGSAPSVWQQTTGSALTTALRNAGGLTQIVPTTNLYSATDEIVQPQVSNSPLDSSYLFNGKNVQAQAVCGPLFVIDHAGSLTSQFSYVVGRSALRSTTGQARSADYGITDCNPLPANDLTPEQKVAAAALLAPYYAAIVAGPKQNCEPDLMPYARPFAVGKRTCSGIVTP,0.08
1tca79,C=CCC(OC(C)=O)c1ccccc1,LPSGSDPAFSQPKSVLDAGLTCQGASPSSVSKPILLVPGTGTTGPQSFDSNWIPLSTQLGYTPCWISPPPFMLNDTQVNTEYMVNAITALYAGSGNNKLPVLTVSQGGLVAQWGLTFFPSIRSKVDRLMAFAPDYKGTVLAGPLDALAGSAPSVWQQTTGSALTTALRNAGGLTQIVPTTNLYSATDEIVQPQVSNSPLDSSYLFNGKNVQAQAVCGPLFVIDHAGSLTSQFSYVVGRSALRSTTGQARSADYGITDCNPLPANDLTPEQKVAAAALLAPYYAAIVAGPKQNCEPDLMPYARPFAVGKRTCSGIVTP,0.18
1tca79,CCCCC(OC(C)=O)c1ccccc1,LPSGSDPAFSQPKSVLDAGLTCQGASPSSVSKPILLVPGTGTTGPQSFDSNWIPLSTQLGYTPCWISPPPFMLNDTQVNTEYMVNAITALYAGSGNNKLPVLTVSQGGLVAQWGLTFFPSIRSKVDRLMAFAPDYKGTVLAGPLDALAGSAPSVWQQTTGSALTTALRNAGGLTQIVPTTNLYSATDEIVQPQVSNSPLDSSYLFNGKNVQAQAVCGPLFVIDHAGSLTSQFSYVVGRSALRSTTGQARSADYGITDCNPLPANDLTPEQKVAAAALLAPYYAAIVAGPKQNCEPDLMPYARPFAVGKRTCSGIVTP,0.08
1tca79,CCOC(=O)C(C)c1ccc(CC(C)C)cc1,LPSGSDPAFSQPKSVLDAGLTCQGASPSSVSKPILLVPGTGTTGPQSFDSNWIPLSTQLGYTPCWISPPPFMLNDTQVNTEYMVNAITALYAGSGNNKLPVLTVSQGGLVAQWGLTFFPSIRSKVDRLMAFAPDYKGTVLAGPLDALAGSAPSVWQQTTGSALTTALRNAGGLTQIVPTTNLYSATDEIVQPQVSNSPLDSSYLFNGKNVQAQAVCGPLFVIDHAGSLTSQFSYVVGRSALRSTTGQARSADYGITDCNPLPANDLTPEQKVAAAALLAPYYAAIVAGPKQNCEPDLMPYARPFAVGKRTCSGIVTP,0.11
1tca80,CC(C(=O)Oc1ccc(N(=O)=O)cc1)c3ccc(c2ccccc2)c(F)c3,LPSGSDPAFSQPKSVLDAGLTCQGASPSSVSKPILLVPGTGTTGPQSFDSNWIPLSTQLGYTPCWISPPPFMLNDTQVNTEYMVNAITALYAGSGNNKLPVLTWSQGGLVAQWGLTFFPSIRSKVDRLMAFAPDYKGTVLAGPLDALAVSAPSVWQQTTGSALTTALRNAGGLTQIVPTTNLYSATDEFLQPQVSNSPLDSSYLFNGKNVQAQAVCGPLFVIDHAGSLTSQFSYVVGRSALRSTTGQARSADYGITDCNPLPANDLTPEQKVAAAALLAPAAAAIVAGPKQNCEPDLMPYARPFAVGKRTCSGIVTP,0.045
1tca80,CC(C)Cc2ccc(C(C)C(=O)Oc1ccc(N(=O)=O)cc1)cc2,LPSGSDPAFSQPKSVLDAGLTCQGASPSSVSKPILLVPGTGTTGPQSFDSNWIPLSTQLGYTPCWISPPPFMLNDTQVNTEYMVNAITALYAGSGNNKLPVLTWSQGGLVAQWGLTFFPSIRSKVDRLMAFAPDYKGTVLAGPLDALAVSAPSVWQQTTGSALTTALRNAGGLTQIVPTTNLYSATDEFLQPQVSNSPLDSSYLFNGKNVQAQAVCGPLFVIDHAGSLTSQFSYVVGRSALRSTTGQARSADYGITDCNPLPANDLTPEQKVAAAALLAPAAAAIVAGPKQNCEPDLMPYARPFAVGKRTCSGIVTP,0.424
1tca80,CC(C(=O)Oc1ccc(N(=O)=O)cc1)c3cccc(C(=O)c2ccccc2)c3,LPSGSDPAFSQPKSVLDAGLTCQGASPSSVSKPILLVPGTGTTGPQSFDSNWIPLSTQLGYTPCWISPPPFMLNDTQVNTEYMVNAITALYAGSGNNKLPVLTWSQGGLVAQWGLTFFPSIRSKVDRLMAFAPDYKGTVLAGPLDALAVSAPSVWQQTTGSALTTALRNAGGLTQIVPTTNLYSATDEFLQPQVSNSPLDSSYLFNGKNVQAQAVCGPLFVIDHAGSLTSQFSYVVGRSALRSTTGQARSADYGITDCNPLPANDLTPEQKVAAAALLAPAAAAIVAGPKQNCEPDLMPYARPFAVGKRTCSGIVTP,0.103
1tca81,CC(C(=O)Oc1ccc(N(=O)=O)cc1)c3ccc(c2ccccc2)c(F)c3,LPSGSDPAFSQPKSVLDAGLTCQGASPSSVSKPILLVPGTGTTGPQSFDSNWIPLSTQLGYTPCWISPPPFMLNDTQVNTEYMVNAITALYAGSGNNKLPVLTWSQGGLVAQWGLTFFPSIRSKVDRLMAFAPDYKGSYLAGPLDALAVSAPSVWQQTTGSALTTALRNAGGLTQIVPTTNLYSATDEFLQPQVSNSPLDSSYLFNGKNVQAQAVCGPLFVIDHAGSLTSQFSYVVGRSALRSTTGQARSADYGITDCNPLPANDLTPEQKVAAAALLAPAAAAIVAGPKQNCEPDLMPYARPFAVGKRTCSGIVTP,0.044
1tca81,CC(C)Cc2ccc(C(C)C(=O)Oc1ccc(N(=O)=O)cc1)cc2,LPSGSDPAFSQPKSVLDAGLTCQGASPSSVSKPILLVPGTGTTGPQSFDSNWIPLSTQLGYTPCWISPPPFMLNDTQVNTEYMVNAITALYAGSGNNKLPVLTWSQGGLVAQWGLTFFPSIRSKVDRLMAFAPDYKGSYLAGPLDALAVSAPSVWQQTTGSALTTALRNAGGLTQIVPTTNLYSATDEFLQPQVSNSPLDSSYLFNGKNVQAQAVCGPLFVIDHAGSLTSQFSYVVGRSALRSTTGQARSADYGITDCNPLPANDLTPEQKVAAAALLAPAAAAIVAGPKQNCEPDLMPYARPFAVGKRTCSGIVTP,0.298
1tca81,CC(C(=O)Oc1ccc(N(=O)=O)cc1)c3cccc(C(=O)c2ccccc2)c3,LPSGSDPAFSQPKSVLDAGLTCQGASPSSVSKPILLVPGTGTTGPQSFDSNWIPLSTQLGYTPCWISPPPFMLNDTQVNTEYMVNAITALYAGSGNNKLPVLTWSQGGLVAQWGLTFFPSIRSKVDRLMAFAPDYKGSYLAGPLDALAVSAPSVWQQTTGSALTTALRNAGGLTQIVPTTNLYSATDEFLQPQVSNSPLDSSYLFNGKNVQAQAVCGPLFVIDHAGSLTSQFSYVVGRSALRSTTGQARSADYGITDCNPLPANDLTPEQKVAAAALLAPAAAAIVAGPKQNCEPDLMPYARPFAVGKRTCSGIVTP,0.128
1tca82,CC(C(=O)Oc1ccc(N(=O)=O)cc1)c3ccc(c2ccccc2)c(F)c3,LPSGSDPAFSQPKSVLDAGLTCQGASPSSVSKPILLVPGTGTTGPQSFDSNWIPLSTQLGYTPCWISPPPFMLNDTQVNTEYMVNAITALYAGSGNNKLPVLTWSQGGLVAQWGLTFFPSIRSKVDRLMAFAPDYKGSHLAGPLDALAVSAPSVWQQTTGSALTTALRNAGGLTQIVPTTNLYSATDEFLQPQVSNSPLDSSYLFNGKNVQAQAVCGPLFVIDHAGSLTSQFSYVVGRSALRSTTGQARSADYGITDCNPLPANDLTPEQKVAAAALLAPAAAAIVAGPKQNCEPDLMPYARPFAVGKRTCSGIVTP,0.042
1tca82,CC(C)Cc2ccc(C(C)C(=O)Oc1ccc(N(=O)=O)cc1)cc2,LPSGSDPAFSQPKSVLDAGLTCQGASPSSVSKPILLVPGTGTTGPQSFDSNWIPLSTQLGYTPCWISPPPFMLNDTQVNTEYMVNAITALYAGSGNNKLPVLTWSQGGLVAQWGLTFFPSIRSKVDRLMAFAPDYKGSHLAGPLDALAVSAPSVWQQTTGSALTTALRNAGGLTQIVPTTNLYSATDEFLQPQVSNSPLDSSYLFNGKNVQAQAVCGPLFVIDHAGSLTSQFSYVVGRSALRSTTGQARSADYGITDCNPLPANDLTPEQKVAAAALLAPAAAAIVAGPKQNCEPDLMPYARPFAVGKRTCSGIVTP,0.222
1tca82,CC(C(=O)Oc1ccc(N(=O)=O)cc1)c3cccc(C(=O)c2ccccc2)c3,LPSGSDPAFSQPKSVLDAGLTCQGASPSSVSKPILLVPGTGTTGPQSFDSNWIPLSTQLGYTPCWISPPPFMLNDTQVNTEYMVNAITALYAGSGNNKLPVLTWSQGGLVAQWGLTFFPSIRSKVDRLMAFAPDYKGSHLAGPLDALAVSAPSVWQQTTGSALTTALRNAGGLTQIVPTTNLYSATDEFLQPQVSNSPLDSSYLFNGKNVQAQAVCGPLFVIDHAGSLTSQFSYVVGRSALRSTTGQARSADYGITDCNPLPANDLTPEQKVAAAALLAPAAAAIVAGPKQNCEPDLMPYARPFAVGKRTCSGIVTP,0.102
1tca83,CC(C(=O)Oc1ccc(N(=O)=O)cc1)c3ccc(c2ccccc2)c(F)c3,LPSGSDPAFSQPKSVLDAGLTCQGASPSSVSKPILLVPGTGTTGPQSFDSNWIPLSTQLGYTPCWISPPPFMLNDTQVNTEYMVNAITALYAGSGNNKLPVLTWSQGGLVAQWGLTFFPSIRSKVDRLMAFAPDYKGTVLAGPLDALAVSAPSGWQDTTGSALTTALRNAGGLTQIVPTTNLYSATDEFLQPQVSNSPLDSSYLFNGKNVQAQAVCGPLFVIDHAGSLTSQFSYVVGRSALRSTTGQARSADYGITDCNPLPANDLTPEQKVAAAALLAPAAAAIVAGPKQNCEPDLMPYARPFAVGKRTCSGIVTP,0.161
1tca83,CC(C)Cc2ccc(C(C)C(=O)Oc1ccc(N(=O)=O)cc1)cc2,LPSGSDPAFSQPKSVLDAGLTCQGASPSSVSKPILLVPGTGTTGPQSFDSNWIPLSTQLGYTPCWISPPPFMLNDTQVNTEYMVNAITALYAGSGNNKLPVLTWSQGGLVAQWGLTFFPSIRSKVDRLMAFAPDYKGTVLAGPLDALAVSAPSGWQDTTGSALTTALRNAGGLTQIVPTTNLYSATDEFLQPQVSNSPLDSSYLFNGKNVQAQAVCGPLFVIDHAGSLTSQFSYVVGRSALRSTTGQARSADYGITDCNPLPANDLTPEQKVAAAALLAPAAAAIVAGPKQNCEPDLMPYARPFAVGKRTCSGIVTP,0.303
1tca83,CC(C(=O)Oc1ccc(N(=O)=O)cc1)c3cccc(C(=O)c2ccccc2)c3,LPSGSDPAFSQPKSVLDAGLTCQGASPSSVSKPILLVPGTGTTGPQSFDSNWIPLSTQLGYTPCWISPPPFMLNDTQVNTEYMVNAITALYAGSGNNKLPVLTWSQGGLVAQWGLTFFPSIRSKVDRLMAFAPDYKGTVLAGPLDALAVSAPSGWQDTTGSALTTALRNAGGLTQIVPTTNLYSATDEFLQPQVSNSPLDSSYLFNGKNVQAQAVCGPLFVIDHAGSLTSQFSYVVGRSALRSTTGQARSADYGITDCNPLPANDLTPEQKVAAAALLAPAAAAIVAGPKQNCEPDLMPYARPFAVGKRTCSGIVTP,0.13
1tca84,CC(C)Cc2ccc(C(C)C(=O)Oc1ccc(N(=O)=O)cc1)cc2,LPSGSDPAFSQPKSVLDAGLTCQGASPSSVSKPILLVPGTGTTGPQSFDSNWIPLSTQLGYTPCWISPPPFMLNDTQVNTEYMVNAITALYAGSGNNKLPVLTWSQGGLVAQWGLTFFPSIRSKVDRLMAFAPDYKGTVLAGPLDALAVSAPSGWQSTTGSALTTALRNAGGLTQIVPTTNLYSATDEFLQPQVSNSPLDSSYLFNGKNVQAQAVCGPLFVIDHAGSLTSQFSYVVGRSALRSTTGQARSADYGITDCNPLPANDLTPEQKVAAAALLAPAAAAIVAGPKQNCEPDLMPYARPFAVGKRTCSGIVTP,0.114
1tca85,CC(=O)OC(c1ccc(Cl)cc1)c1ccc([Hs-2])cn1,LPSGSDPAFSQPKSVLDAGLTCQGASPSSVSKPILLVPGTGTTGPQSFDSNWIPLSTQLGYTPCWISPPPFMLNDTQVNTEYMVNAITALYAGSGNNKLPVLTVSQGGLVAQWGLTFFPSIRSKVDRLMAFAPDYKGTVLAGPLDALAVSAPSVWQQTTGSALTTALRNAGGLTQIVPTTNLYSATDEIVQPQVSNSPLDSSYLFNGKNVQAQAVCGPLFVIDHAGSLTSQFSYVVGRSALRSTTGQARSADYGITDCNPLPANDLTPEQKVAAAALLAPAKAAIVAGPKQNCEPDLMPYARPFAVGKRTCSGIVTP,0.38
1tca85,CC(=O)OC(C)c1ccccc1,LPSGSDPAFSQPKSVLDAGLTCQGASPSSVSKPILLVPGTGTTGPQSFDSNWIPLSTQLGYTPCWISPPPFMLNDTQVNTEYMVNAITALYAGSGNNKLPVLTVSQGGLVAQWGLTFFPSIRSKVDRLMAFAPDYKGTVLAGPLDALAVSAPSVWQQTTGSALTTALRNAGGLTQIVPTTNLYSATDEIVQPQVSNSPLDSSYLFNGKNVQAQAVCGPLFVIDHAGSLTSQFSYVVGRSALRSTTGQARSADYGITDCNPLPANDLTPEQKVAAAALLAPAKAAIVAGPKQNCEPDLMPYARPFAVGKRTCSGIVTP,0.49
1tca85,CC(=O)OC(C)c1ccccc1,LPSGSDPAFSQPKSVLDAGLTCQGASPSSVSKPILLVPGTGTTGPQSFDSNWIPLSTQLGYTPCWISPPPFMLNDTQVNTEYMVNAITALYAGSGNNKLPVLTVSQGGLVAQWGLTFFPSIRSKVDRLMAFAPDYKGTVLAGPLDALAVSAPSVWQQTTGSALTTALRNAGGLTQIVPTTNLYSATDEIVQPQVSNSPLDSSYLFNGKNVQAQAVCGPLFVIDHAGSLTSQFSYVVGRSALRSTTGQARSADYGITDCNPLPANDLTPEQKVAAAALLAPAKAAIVAGPKQNCEPDLMPYARPFAVGKRTCSGIVTP,0.01
1tca86,CC(=O)OC(C)c1ccccc1,LPSGSDPAFSQPKSVLDAGLTCQGASPSSVSKPILLVPGTGTTGPQSFDSNWIPLSTQLGYTPCWISPPPFMLNDTQVNTEYMVNAITALYAGSGNNKLPVLTVSQGGLVAQWGLTFFPSIRSKVDRLMAFAPDYKGTVLAGPLDALAVSAPSVWQQTTGSALTTALRNAGGLTQIVPTTNLYSATDEIVQPQVSNSPLDSSYLFNGKNVQAQAVCGPLFVIDHAGSLTSQFSYVVGRSALRSTTGQARSADYGITDCNPLPANDLTPEQKVAAAALLAPAAAAIVAGPKQNCEPDLMPYARPFAVGKRTCSGIVTP,0.38
1tca87,CC(=O)OC(C)c1ccccc1,LPSGSDPAFSQPKSVLDAGLTCQGASPSSVSKPILLVPGTGTTGPQSFDSNWIPLSTQLGYTPCWISPPPFMLNDTQVNTEYMVNAITALYAGSGNNKLPVLTMSQGGLVAQWGLTFFPSIRSKVDRLMAFAPDYKGTVLAGPLDALAVSAPSVWQQTTGSALTTALRNAGGLTQIVPTTNLYSATDEIVQPQVSNSPLDSSYLFNGKNVQAQAVCGPLFVIDHAGSLTSQFSYVVGRSALRSTTGQARSADYGITDCNPLPANDLTPEQKVAAAALLAPAAAAIVAGPKQNCEPDLMPYARPFAVGKRTCSGIVTP,0.44
1tca87,CC(=O)OC(C)c1ccccc1,LPSGSDPAFSQPKSVLDAGLTCQGASPSSVSKPILLVPGTGTTGPQSFDSNWIPLSTQLGYTPCWISPPPFMLNDTQVNTEYMVNAITALYAGSGNNKLPVLTMSQGGLVAQWGLTFFPSIRSKVDRLMAFAPDYKGTVLAGPLDALAVSAPSVWQQTTGSALTTALRNAGGLTQIVPTTNLYSATDEIVQPQVSNSPLDSSYLFNGKNVQAQAVCGPLFVIDHAGSLTSQFSYVVGRSALRSTTGQARSADYGITDCNPLPANDLTPEQKVAAAALLAPAAAAIVAGPKQNCEPDLMPYARPFAVGKRTCSGIVTP,0.44
1tca88,CC(=O)OC(C)c1ccccc1,LPSGSDPAFSQPKSVLDAGLTCQGASPSSVSKPILLVPGTGTTGPQSFDSNWIPLSTQLGYTPCWISPPPFMLNDTQVNTEYMVNAITALYAGSGNNKLPVLTVSQGGLVAQWGLTFFPSIRSKVDRLMAFAPDYKGTVLAGPLDALAVSAPSVWQQTTGSALTTALRNAGGLTQIVPTTNLYSATDEIVQPQVSNSPLDSSYLFNGKNVQAQAVCGPLFVIDHAGSLTSQFSYVVGRSALRSTTGQARSADYGITDCNPLPANDLTPEQKVAAAALLAPALAAIVAGPKQNCEPDLMPYARPFAVGKRTCSGIVTP,0.4
1tca89,CC(=O)OC(C)c1ccccc1,LPSGSDPAFSQPKSVLDAGLTCQGASPSSVSKPILLVPGTGTTGPQSFDSNWIPLSTQLGYTPCWISPPPFMLNDTQVNTEYMVNAITALYAGSGNNKLPVLTVSQGGLVAQWGLTFFPSIRSKVDRLMAFAPDYKGTVLAGPLDALAVSAPSVWQQTTGSALTTALRNAGGLTQIVPTTNLYSATDEIVQPQVSNSPLDSSYLFNGKNVQAQAVCGPLFVIDHAGSLTSQFSYVVGRSALRSTTGQARSADYGITDCNPLPANDLTPEQKVAAAALLAPAKAAIVAGPKQNCEPDLMPYARPFAVGKRTCSGIVTP,0.48
1tca91,CC(=O)OC(C)c1ccccc1,LPSGSDPAFSQPKSVLDAGLTCQGASPSSVSKPILLVPGTGTTGPQSFDSNWIPLSTQLGYTPCWISPPPFMLNDTQVNTEYMVNAITALYAGSGNNKLPVLTVSQGGLVAQWGLTFFPSIRSKVDRLMAFAPDYKGTVLAGPLDALAVSAPSVWQQTTGSALTTALRNAGGLTQIVPTTNLYSATDEIVQPQVSNSPLDSSYLFNGKNVQAQAVCGPLFVIDHAGSLTSQFSYVVGRSALRSTTGQARSADYGITDCNPLPANDLTPEQKVAAAALLAPLAAAIVAGPKQNCEPDLMPYARPFAVGKRTCSGIVTP,0.2
1tca92,CC(=O)OC(C)c1ccccc1,LPSGSDPAFSQPKSVLDAGLTCQGASPSSVSKPILLVPGTGTTGPQSFDSNWIPLSTQLGYTPCWISPPPFMLNDTQVNTEYMVNAITALYAGSGNNKLPVLTVSQGGLVAQWGLTFFPSIRSKVDRLMAFAPDYKGTVLAGPLDALAVSAPSVWQQTTGSALTTALRNAGGLTQIVPTTNLYSATDEIVQPQVSNSPLDSSYLFNGKNVQAQAVCGPLFVIDHAGSLTSQFSYVVGRSALRSTTGQARSADYGITDCNPLPANDLTPEQKVAAAALLAPKAAAIVAGPKQNCEPDLMPYARPFAVGKRTCSGIVTP,0.14
1tca94,CC(=O)OC(C)c1ccccc1,LPSGSDPAFSQPKSVLDAGLTCQGASPSSVSKPILLVPGTGTTGPQSFDSNWIPLSTQLGYTPCWISPPPFMLNDTQVNTEYMVNAITALYAGSGNNKLPVLTVSQGGLVAQWGLTFFPSIRSKVDRLMAFAPDYKGTVLAGPLDALAVSAPSVWQQTTGSALTTALRNAGGLTQIVPTTNLYSATDEIVQPQVSNSPLDSSYLFNGKNVQAQAVCGPLFVIDHAGSLTSQFSYVVGRSALRSTTGQARSADYGITDCNPLPANDLTPEQKVAAAALLAPKKAAIVAGPKQNCEPDLMPYARPFAVGKRTCSGIVTP,0.25
1tca95,CC(=O)OC(C)c1ccccc1,LPSGSDPAFSQPKSVLDAGLTCQGASPSSVSKPILLVPGTGTTGPQSFDSNWIPLSTQLGYTPCWISPPPFMLNDTQVNTEYMVNAITALYAGSGNNKLPVLTVSQGGLVAQWGLTFFPSIRSKVDRLMAFAPDYKGTVLAGPLDALAVSAPSVWQQTTGSALTTALRNAGGLTQIVPTTNLYSATDEIVQPQVSNSPLDSSYLFNGKNVQAQAVCGPLFVIDHAGSLTSQFSYVVGRSALRSTTGQARSADYGITDCNPLPANDLTPEQKVAAAALLAPWKAAIVAGPKQNCEPDLMPYARPFAVGKRTCSGIVTP,0.37
1tca96,CC(=O)OC(C)c1ccccc1,LPSGSDPAFSQPKSVLDAGLTCQGASPSSVSKPILLVPGTGTTGPQSFDSNWIPLSTQLGYTPCWISPPPFMLNDTQVNTEYMVNAITALYAGSGNNKLPVLTVSQGGLVAQWGLTFFPSIRSKVDRLMAFAPDYKGTVLAGPLDALAVSAPSVWQQTTGSALTTALRNAGGLTQIVPTTNLYSATDEIVQPQVSNSPLDSSYLFNGKNVQAQAVCGPLFVIDHAGSLTSQFSYVVGRSALRSTTGQARSADYGITDCNPLPANDLTPEQKVAAAALAAPLKAAIVAGPKQNCEPDLMPYARPFAVGKRTCSGIVTP,0.29
1tca97,CC(=O)OC(C)c1ccccc1,LPSGSDPAFSQPKSVLDAGLTCQGASPSSVSKPILLVPGTGTTGPQSFDSNWIPLSTQLGYTPCWISPPPFMLNDTQVNTEYMVNAITALYAGSGNNKLPVLTVSQGGLVAQWGLTFFPSIRSKVDRLMAFAPDYKGTVLAGPLDALAVSAPSVWQQTTGSALTTALRNAGGLTQIVPTTNLYSATDEIVQPQVSNSPLDSSYLFNGKNVQAQAVCGPLFVIDHAGSLTSQFSYVVGRSALRSTTGQARSADYGITDCNPLPANDLTPEQKVAAAALKAPLKAAIVAGPKQNCEPDLMPYARPFAVGKRTCSGIVTP,0.09
1tca98,CC(=O)OC(C)c1ccccc1,LPSGSDPAFSQPKSVLDAGLTCQGASPSSVSKPILLVPGTGTTGPQSFDSNWIPLSTQLGYTPCWISPPPFMLNDTQVNTEYMVNAITALYAGSGNNKLPVLTVSQGGLVAQWGLTFFPSIRSKVDRLMAFAPDYKGTVLAGPLDALAVSAPSVWQQTTGSALTTALRNAGGLTQIVPTTNLYSATDEIVQPQVSNSPLDSSYLFNGKNVQAQAVCGPLFVIDHAGSLTSQFSYVVGRSALRSTTGQARSADYGITDCNPLPANDLTPEQKVAAAALWAPLKAAIVAGPKQNCEPDLMPYARPFAVGKRTCSGIVTP,0.43
1tca99,CC(=O)OC(C)c1ccccc1,LPSGSDPAFSQPKSVLDAGLTCQGASPSSVSKPILLVPGTGTTGPQSFDSNWIPLSTQLGYTPCWISPPPFMLNDTQVNTEYMVNAITALYAGSGNNKLPVLTWSQGGLVAQWGLTFFPSIRSKVDRLMAFAPDYKGTVLAGPLDALAVSAPSVWQQTTGSALTTALRNAGGLTQIVPTTNLYSATDEIVQPQVSNSPLDSSYLFNGKNVQAQAVCGPLFVIDHAGSLTSQFSYVVGRSALRSTTGQARSADYGITDCNPLPANDLTPEQKVAAAALLAPLKAAIVAGPKQNCEPDLMPYARPFAVGKRTCSGIVTP,0.49
1tca100,CC(=O)OC(C)c1ccccc1,LPSGSDPAFSQPKSVLDAGLTCQGASPSSVSKPILLVPGTGTTGPQSFDSNWIPLSTQLGYTPCWISPPPFMLNDTQVNTEYMVNAITALYAGSGNNKLPVLTWSQGGLVAQWGLTFFPSIRSKVDRLMAFAPDYKGTVLAGPLDALAVSAPSVWQQTTGSALTTALRNAGGLTQIVPTTNLYSATDEIVQPQVSNSPLDSSYLFNGKNVQAQAVCGPLFVIDHAGSLTSQFSYVVGRSALRSTTGQARSADYGITDCNPLPANDLTPEQKVAAAALLAPAKAAIVAGPKQNCEPDLMPYARPFAVGKRTCSGIVTP,0.49
1I6W0,CCC(OC(C)=O)c1ccccc1,HNPVVMVHGIGGASFNFAGIKSYLVSQGWSRDKLYAVDFWDKTGTNYNNGPVLSRFVQKVLDETGAKKVDIVAHSMGGANTLYYIKNLDGGNKVANVVTLGGANRLTTGKALPGTDPNQKILYTSIYSSADMIVMNYLSRLDGARNVQIHGVGHIGLLYSSQVNSLIKEGLNGGGQNTN,0.47
1I6W1,CCC(OC(C)=O)c1ccccc1,AEHNPVVMVHGIGGASFNFAGIKSYLVSQGWSRDKLYAVDFWDKTGTNYNNGPVLSRFVQKVLDETGAKKVDIVAASMGGANTLYYIKNLDGGNKVANVVTLGGANRLTTGKALPGTDPNQKILYTSIYSSADMIVMNYLSRLDGARNVQIHGVGHIGLLYSSQVNSLIKEGLNGGGQNTN,0.43
1I6W3,CCC(OC(C)=O)c1ccccc1,AEHNPVVMVHGIGGASFNFAGIKSYLVSQGWSRDKLYAVDFWDKTGTNYNNGPVLSRFVQKVLDETGAKKVDIVATSMGGANTLYYIKNLDGGNKVANVVTLGGANRLTTGKALPGTDPNQKILYTSIYSSADMIVMNYLSRLDGARNVQIHGVGHIGLLYSSQVNSLIKEGLNGGGQNTN,0.1
1I6W4,CCC(OC(C)=O)c1ccccc1,AEHNPVVMVHGIGGASFNFAGIKSYLVSQGWSRDKLYAVDFWDKTGTNYNNGPVLSRFVQKVLDETGAKKVDIVAVSMGGANTLYYIKNLDGGNKVANVVTLGGANRLTTGKALPGTDPNQKILYTSIYSSADMIVMNYLSRLDGARNVQIHGVGHIGLLYSSQVNSLIKEGLNGGGQNTN,0.29
1I6W5,CCC(OC(C)=O)c1ccccc1,AEHNPVVMVHGIGGASFNFAGIKSYLVSQGWSRDKLYAVDFWDKTGTNYNNGPVLSRFVQKVLDETGAKKVDIVACSMGGANTLYYIKNLDGGNKVANVVTLGGANRLTTGKALPGTDPNQKILYTSIYSSADMIVMNYLSRLDGARNVQIHGVGHIGLLYSSQVNSLIKEGLNGGGQNTN,0.2
1I6W7,CCC(OC(C)=O)c1ccccc1,AEHNPVVMVHGIGGASFNFAGIKSYLVSQGWSRDKLYAVDFWDKTGTNYNNGPVLSRFVQKVLDETGAKKVDIVAISMGGANTLYYIKNLDGGNKVANVVTLGGANRLTTGKALPGTDPNQKILYTSIYSSADMIVMNYLSRLDGARNVQIHGVGHIGLLYSSQVNSLIKEGLNGGGQNTN,0.5
1I6W8,CCC(OC(C)=O)c1ccccc1,AEHNPVVMVHGIGGASFNFAGIKSYLVSQGWSRDKLYAVDFWDKTGTNYNNGPVLSRFVQKVLDETGAKKVDIVALSMGGANTLYYIKNLDGGNKVANVVTLGGANRLTTGKALPGTDPNQKILYTSIYSSADMIVMNYLSRLDGARNVQIHGVGHIGLLYSSQVNSLIKEGLNGGGQNTN,0.22
1I6W10,CCC(OC(C)=O)c1ccccc1,AEHNPVVMVHGIGGASFNFAGIKSYLVSQGWSRDKLYAVDFWDKTGTNYNNGPVLSRFVQKVLDETGAKKVDIVANSMGGANTLYYIKNLDGGNKVANVVTLGGANRLTTGKALPGTDPNQKILYTSIYSSADMIVMNYLSRLDGARNVQIHGVGHIGLLYSSQVNSLIKEGLNGGGQNTN,0.11
1I6W13,CCC(OC(C)=O)c1ccccc1,AEHNPVVMVHGIGGASFNFAGIKSYLVSQGWSRDKLYAVDFWDKTGTNYNNGPVLSRFVQKVLDETGAKKVDIVARSMGGANTLYYIKNLDGGNKVANVVTLGGANRLTTGKALPGTDPNQKILYTSIYSSADMIVMNYLSRLDGARNVQIHGVGHIGLLYSSQVNSLIKEGLNGGGQNTN,0.09
1I6W14,CCC(OC(C)=O)c1ccccc1,AEHNPVVMVHGIGGASFNFAGIKSYLVSQGWSRDKLYAVDFWDKTGTNYNNGPVLSRFVQKVLDETGAKKVDIVAMSMGGANTLYYIKNLDGGNKVANVVTLGGANRLTTGKALPGTDPNQKILYTSIYSSADMIVMNYLSRLDGARNVQIHGVGHIGLLYSSQVNSLIKEGLNGGGQNTN,0.49
1I6W15,CCC(OC(C)=O)c1ccccc1,AEHNPVVMVHGIGGASFNFAGIKSYLVSQGWSRDKLYAVDFWDKTGTNYNNGPVLSRFVQKVLDETGAKKVDIVAFSMGGANTLYYIKNLDGGNKVANVVTLGGANRLTTGKALPGTDPNQKILYTSIYSSADMIVMNYLSRLDGARNVQIHGVGHIGLLYSSQVNSLIKEGLNGGGQNTN,0.12
1I6W16,CCC(OC(C)=O)c1ccccc1,AEHNPVVMVHGIGGASFNFAGIKSYLVSQGWSRDKLYAVDFWDKTGTNYNNGPVLSRFVQKVLDETGAKKVDIVAWSMGGANTLYYIKNLDGGNKVANVVTLGGANRLTTGKALPGTDPNQKILYTSIYSSADMIVMNYLSRLDGARNVQIHGVGHIGLLYSSQVNSLIKEGLNGGGQNTN,0.06
1I6W17,CCC(OC(C)=O)c1ccccc1,AEHNPVVMVHGIGGASFNFAGIKSYLVSQGWSRDKLYAVDFWDKTGTNYNNGPVLSRFVQKVLDETGAKKVDIVAYSMGGANTLYYIKNLDGGNKVANVVTLGGANRLTTGKALPGTDPNQKILYTSIYSSADMIVMNYLSRLDGARNVQIHGVGHIGLLYSSQVNSLIKEGLNGGGQNTN,0.07
1I6W18,CCC(OC(C)=O)c1ccccc1,AEHNPVVMVHGIGGASFNFAGIKSYLVSQGWSRDKLYAVDFWDKTGTNYNNGPVLSRFVQKVLDETGAKKVDIVAPSMGGANTLYYIKNLDGGNKVANVVTLGGANRLTTGKALPGTDPNQKILYTSIYSSADMIVMNYLSRLDGARNVQIHGVGHIGLLYSSQVNSLIKEGLNGGGQNTN,0.0
1I6W19,CCC(OC(C)=O)c1ccccc1,AEHNPVVMVHGIGGASFNFAGIKSYLVSQGWSRDKLYAVDFWDKTGTNYNNGPVLSRFVQKVLDETGAKKVDIVAGSMGGANTLYYIKNLDGGNKVANVVTLGGANRLTTGKALPGTDPNQKILYTSIYSSADMIVMNYLSRLDGARNVQIHGVGHIGLLYSSQVNSLIKEGLNGGGQNTN,0.27
1I6W20,CCC(OC(C)=O)c1ccccc1,AEHNPVVMVHGIGGASFAFAGIKSYLVSQGWSRDKLYAVDFWDKTGTNYNNGPVLSRFVQKVLDETGAKKVDIVAASMGGANTLYYIKNLDGGNKVANVVTLGGANRLTTGKALPGTDPNQKILYTSIYSSADMIVMNYLSRLDGARNVQIHGVGHIGLLYSSQVNSLIKEGLNGGGQNTN,0.5
1I6W22,CCC(OC(C)=O)c1ccccc1,AEHNPVVMVHGIGGASFEFAGIKSYLVSQGWSRDKLYAVDFWDKTGTNYNNGPVLSRFVQKVLDETGAKKVDIVAASMGGANTLYYIKNLDGGNKVANVVTLGGANRLTTGKALPGTDPNQKILYTSIYSSADMIVMNYLSRLDGARNVQIHGVGHIGLLYSSQVNSLIKEGLNGGGQNTN,0.15
1I6W24,CCC(OC(C)=O)c1ccccc1,AEHNPVVMVHGIGGASFAFAGIKSYLVSQGWSRDKLYAVDFWDKTGTNYNNGPVLSRFVQKVLDETGAKKVDIVAHSMGGANTLYYIKNLDGGNKVANVVTLGGANRLTTGKALPGTDPNQKILYTSIYSSADMIVMNYLSRLDGARNVQIHGVGHIGLLYSSQVNSLIKEGLNGGGQNTN,0.45
1I6W25,CCC(OC(C)=O)c1ccccc1,AEHNPVVMVHGIGGASFCFAGIKSYLVSQGWSRDKLYAVDFWDKTGTNYNNGPVLSRFVQKVLDETGAKKVDIVAHSMGGANTLYYIKNLDGGNKVANVVTLGGANRLTTGKALPGTDPNQKILYTSIYSSADMIVMNYLSRLDGARNVQIHGVGHIGLLYSSQVNSLIKEGLNGGGQNTN,0.43
1I6W26,CCC(OC(C)=O)c1ccccc1,AEHNPVVMVHGIGGASFEFAGIKSYLVSQGWSRDKLYAVDFWDKTGTNYNNGPVLSRFVQKVLDETGAKKVDIVAHSMGGANTLYYIKNLDGGNKVANVVTLGGANRLTTGKALPGTDPNQKILYTSIYSSADMIVMNYLSRLDGARNVQIHGVGHIGLLYSSQVNSLIKEGLNGGGQNTN,0.45
1I6W27,CCC(OC(C)=O)c1ccccc1,AEHNPVVMVHGIGGASFWFAGIKSYLVSQGWSRDKLYAVDFWDKTGTNYNNGPVLSRFVQKVLDETGAKKVDIVAHSMGGANTLYYIKNLDGGNKVANVVTLGGANRLTTGKALPGTDPNQKILYTSIYSSADMIVMNYLSRLDGARNVQIHGVGHIGLLYSSQVNSLIKEGLNGGGQNTN,0.48
1I6W0,CCCC(OC(C)=O)c1ccccc1,HNPVVMVHGIGGASFNFAGIKSYLVSQGWSRDKLYAVDFWDKTGTNYNNGPVLSRFVQKVLDETGAKKVDIVAHSMGGANTLYYIKNLDGGNKVANVVTLGGANRLTTGKALPGTDPNQKILYTSIYSSADMIVMNYLSRLDGARNVQIHGVGHIGLLYSSQVNSLIKEGLNGGGQNTN,0.4
1I6W21,CCCC(OC(C)=O)c1ccccc1,AEHNPVVMVHGIGGASFCFAGIKSYLVSQGWSRDKLYAVDFWDKTGTNYNNGPVLSRFVQKVLDETGAKKVDIVAASMGGANTLYYIKNLDGGNKVANVVTLGGANRLTTGKALPGTDPNQKILYTSIYSSADMIVMNYLSRLDGARNVQIHGVGHIGLLYSSQVNSLIKEGLNGGGQNTN,0.38
1I6W0,CCCCC(OC(C)=O)c1ccccc1,HNPVVMVHGIGGASFNFAGIKSYLVSQGWSRDKLYAVDFWDKTGTNYNNGPVLSRFVQKVLDETGAKKVDIVAHSMGGANTLYYIKNLDGGNKVANVVTLGGANRLTTGKALPGTDPNQKILYTSIYSSADMIVMNYLSRLDGARNVQIHGVGHIGLLYSSQVNSLIKEGLNGGGQNTN,0.43
1I6W21,CCCCC(OC(C)=O)c1ccccc1,AEHNPVVMVHGIGGASFCFAGIKSYLVSQGWSRDKLYAVDFWDKTGTNYNNGPVLSRFVQKVLDETGAKKVDIVAASMGGANTLYYIKNLDGGNKVANVVTLGGANRLTTGKALPGTDPNQKILYTSIYSSADMIVMNYLSRLDGARNVQIHGVGHIGLLYSSQVNSLIKEGLNGGGQNTN,0.4
1I6W0,CCCCCCC(OC(C)=O)c1ccccc1,HNPVVMVHGIGGASFNFAGIKSYLVSQGWSRDKLYAVDFWDKTGTNYNNGPVLSRFVQKVLDETGAKKVDIVAHSMGGANTLYYIKNLDGGNKVANVVTLGGANRLTTGKALPGTDPNQKILYTSIYSSADMIVMNYLSRLDGARNVQIHGVGHIGLLYSSQVNSLIKEGLNGGGQNTN,0.46
1I6W21,CCCCCCC(OC(C)=O)c1ccccc1,AEHNPVVMVHGIGGASFCFAGIKSYLVSQGWSRDKLYAVDFWDKTGTNYNNGPVLSRFVQKVLDETGAKKVDIVAASMGGANTLYYIKNLDGGNKVANVVTLGGANRLTTGKALPGTDPNQKILYTSIYSSADMIVMNYLSRLDGARNVQIHGVGHIGLLYSSQVNSLIKEGLNGGGQNTN,0.42
1I6W0,CC(=O)OC(c1ccccc1)C(C)C,HNPVVMVHGIGGASFNFAGIKSYLVSQGWSRDKLYAVDFWDKTGTNYNNGPVLSRFVQKVLDETGAKKVDIVAHSMGGANTLYYIKNLDGGNKVANVVTLGGANRLTTGKALPGTDPNQKILYTSIYSSADMIVMNYLSRLDGARNVQIHGVGHIGLLYSSQVNSLIKEGLNGGGQNTN,0.39
1I6W21,CC(=O)OC(c1ccccc1)C(C)C,AEHNPVVMVHGIGGASFCFAGIKSYLVSQGWSRDKLYAVDFWDKTGTNYNNGPVLSRFVQKVLDETGAKKVDIVAASMGGANTLYYIKNLDGGNKVANVVTLGGANRLTTGKALPGTDPNQKILYTSIYSSADMIVMNYLSRLDGARNVQIHGVGHIGLLYSSQVNSLIKEGLNGGGQNTN,0.37
1I6W0,CC(=O)OC(C)c1ccccc1,HNPVVMVHGIGGASFNFAGIKSYLVSQGWSRDKLYAVDFWDKTGTNYNNGPVLSRFVQKVLDETGAKKVDIVAHSMGGANTLYYIKNLDGGNKVANVVTLGGANRLTTGKALPGTDPNQKILYTSIYSSADMIVMNYLSRLDGARNVQIHGVGHIGLLYSSQVNSLIKEGLNGGGQNTN,0.44
1I6W21,CC(=O)OC(C)c1ccccc1,AEHNPVVMVHGIGGASFCFAGIKSYLVSQGWSRDKLYAVDFWDKTGTNYNNGPVLSRFVQKVLDETGAKKVDIVAASMGGANTLYYIKNLDGGNKVANVVTLGGANRLTTGKALPGTDPNQKILYTSIYSSADMIVMNYLSRLDGARNVQIHGVGHIGLLYSSQVNSLIKEGLNGGGQNTN,0.45
1I6W0,CC(=O)OC(CCCl)c1ccccc1,HNPVVMVHGIGGASFNFAGIKSYLVSQGWSRDKLYAVDFWDKTGTNYNNGPVLSRFVQKVLDETGAKKVDIVAHSMGGANTLYYIKNLDGGNKVANVVTLGGANRLTTGKALPGTDPNQKILYTSIYSSADMIVMNYLSRLDGARNVQIHGVGHIGLLYSSQVNSLIKEGLNGGGQNTN,0.4
1I6W21,CC(=O)OC(CCCl)c1ccccc1,AEHNPVVMVHGIGGASFCFAGIKSYLVSQGWSRDKLYAVDFWDKTGTNYNNGPVLSRFVQKVLDETGAKKVDIVAASMGGANTLYYIKNLDGGNKVANVVTLGGANRLTTGKALPGTDPNQKILYTSIYSSADMIVMNYLSRLDGARNVQIHGVGHIGLLYSSQVNSLIKEGLNGGGQNTN,0.38
1I6W0,CCC(OC(C)=O)c1ccc(F)cc1,HNPVVMVHGIGGASFNFAGIKSYLVSQGWSRDKLYAVDFWDKTGTNYNNGPVLSRFVQKVLDETGAKKVDIVAHSMGGANTLYYIKNLDGGNKVANVVTLGGANRLTTGKALPGTDPNQKILYTSIYSSADMIVMNYLSRLDGARNVQIHGVGHIGLLYSSQVNSLIKEGLNGGGQNTN,0.43
1I6W27,CCC(OC(C)=O)c1ccc(F)cc1,AEHNPVVMVHGIGGASFWFAGIKSYLVSQGWSRDKLYAVDFWDKTGTNYNNGPVLSRFVQKVLDETGAKKVDIVAHSMGGANTLYYIKNLDGGNKVANVVTLGGANRLTTGKALPGTDPNQKILYTSIYSSADMIVMNYLSRLDGARNVQIHGVGHIGLLYSSQVNSLIKEGLNGGGQNTN,0.46
1I6W21,CCC(OC(C)=O)c1ccc(F)cc1,AEHNPVVMVHGIGGASFCFAGIKSYLVSQGWSRDKLYAVDFWDKTGTNYNNGPVLSRFVQKVLDETGAKKVDIVAASMGGANTLYYIKNLDGGNKVANVVTLGGANRLTTGKALPGTDPNQKILYTSIYSSADMIVMNYLSRLDGARNVQIHGVGHIGLLYSSQVNSLIKEGLNGGGQNTN,0.45
1I6W0,CCC(OC(C)=O)c1ccc(Cl)cc1,HNPVVMVHGIGGASFNFAGIKSYLVSQGWSRDKLYAVDFWDKTGTNYNNGPVLSRFVQKVLDETGAKKVDIVAHSMGGANTLYYIKNLDGGNKVANVVTLGGANRLTTGKALPGTDPNQKILYTSIYSSADMIVMNYLSRLDGARNVQIHGVGHIGLLYSSQVNSLIKEGLNGGGQNTN,0.41
1I6W27,CCC(OC(C)=O)c1ccc(Cl)cc1,AEHNPVVMVHGIGGASFWFAGIKSYLVSQGWSRDKLYAVDFWDKTGTNYNNGPVLSRFVQKVLDETGAKKVDIVAHSMGGANTLYYIKNLDGGNKVANVVTLGGANRLTTGKALPGTDPNQKILYTSIYSSADMIVMNYLSRLDGARNVQIHGVGHIGLLYSSQVNSLIKEGLNGGGQNTN,0.4
1I6W21,CCC(OC(C)=O)c1ccc(Cl)cc1,AEHNPVVMVHGIGGASFCFAGIKSYLVSQGWSRDKLYAVDFWDKTGTNYNNGPVLSRFVQKVLDETGAKKVDIVAASMGGANTLYYIKNLDGGNKVANVVTLGGANRLTTGKALPGTDPNQKILYTSIYSSADMIVMNYLSRLDGARNVQIHGVGHIGLLYSSQVNSLIKEGLNGGGQNTN,0.43
1I6W0,CCC(OC(C)=O)c1ccc(Br)cc1,HNPVVMVHGIGGASFNFAGIKSYLVSQGWSRDKLYAVDFWDKTGTNYNNGPVLSRFVQKVLDETGAKKVDIVAHSMGGANTLYYIKNLDGGNKVANVVTLGGANRLTTGKALPGTDPNQKILYTSIYSSADMIVMNYLSRLDGARNVQIHGVGHIGLLYSSQVNSLIKEGLNGGGQNTN,0.4
1I6W27,CCC(OC(C)=O)c1ccc(Br)cc1,AEHNPVVMVHGIGGASFWFAGIKSYLVSQGWSRDKLYAVDFWDKTGTNYNNGPVLSRFVQKVLDETGAKKVDIVAHSMGGANTLYYIKNLDGGNKVANVVTLGGANRLTTGKALPGTDPNQKILYTSIYSSADMIVMNYLSRLDGARNVQIHGVGHIGLLYSSQVNSLIKEGLNGGGQNTN,0.42
2VEO0,CC(C(=O)Oc1ccc([N+](=O)[O-])cc1)c1ccccc1,AALPNPYDDPFYTTPSNIGTFAKGQVIQSRKVPTDIGNANNAASFQLQYRTTNTQNEAVADVATVWIPAKPASPPKIFSYQVYEDATALDCAPSYSYLTGLDQPNKVTAVLDTPIIIGWALQQGYYVVSSDHEGFKAAFIAGYEEGMAILDGIRALKNYQNLPSDSKVALEGYSGGAHATVWATSLADSYAPELNIVGASHGGTPVSAKDTFTFLNGGPFAGFALAGVSGLSLAHPDMESFIEARLNAKGQQTLKQIRGRGFCLPQVVLTYPFLNVFSLVNDTNLLNEAPIAGILKQETVVQAEASYTVSVPKFPRFIWHAIPDEIVPYQPAATYVKEQCAKGANINFSPYPIAEHLTAEIFGLVPSLWFIKQAFDGTTPKVICGTPIPAIAGITTPSADQVLGSDLANQLRSLNGKQSAFGKPFGPITP,0.38
2VEO1,CC(C(=O)Oc1ccc([N+](=O)[O-])cc1)c1ccccc1,AALPNPYDDPFYTTPSNIGTFAKGQVIQSRKVPTDIGNANNAASFQLQYRTTNTQNEAVADVATVWIPAKPASPPKIFSYQVYEDATALDCAPSYSYLTGLDQPNKVTAVLDTPIIIGWALQQGYYVVSSDHEGFKAAFIAGYEEGMAILDGIRALKNYQNLPSDSKVALEGYSGGAHATVWATSLADSYAPELNIVGASHGGTPVSAKDTFTFLNGGPFAGGALAGVSGLSLAHPDMESFIEARLNAKGQQTLKQIRGRGFCLPQVVLTYPFLNVFSLVNDTNLLNEAPIAGILKQETVVQAEASYTVSVPKFPRFIWHAIPDEIVPYQPAATYVKEQCAKGANINFSPYPIAEHLTAEIFGLVPSLWFIKQAFDGTTPKVICGTPIPAIAGITTPSADQVLGSDLANQLRSLNGKQSAFGKPFGPITP,0.25
2VEO2,CC(C(=O)Oc1ccc([N+](=O)[O-])cc1)c1ccccc1,AALPNPYDDPFYTTPSNIGTFAKGQVIQSRKVPTDIGNANNAASFQLQYRTTNTQNEAVADVATVWIPAKPASPPKIFSYQVYEDATALDCAPSYSYLTGLDQPNKVTAVLDTPIIIGWALQQGYYVVSSDHEGFKAAYNAGYEEGMAILDGIRALKNYQNLPSDSKVALEGYSGGAHATVWATSLADSYAPELNIVGASHGGTPVSAKDTFTFLNGGPFAGGALAGVSGLSLAHPDMESFIEARLNAKGQQTLKQIRGRGFCLPQVVLTYPFLNVFSLVNDTNLLNEAPIAGILKQETVVQAEASYTVSVPKFPRFIWHAIPDEIVPYQPAATYVKEQCAKGANINFSPYPIAEHLTAEIFGLVPSLWFIKQAFDGTTPKVICGTPIPAIAGITTPSADQVLGSDLANQLRSLNGKQSAFGKPFGPITP,0.31
2VEO2,Cc1ccc(C(C)C(=O)Oc2ccc([N+](=O)[O-])cc2)cc1,AALPNPYDDPFYTTPSNIGTFAKGQVIQSRKVPTDIGNANNAASFQLQYRTTNTQNEAVADVATVWIPAKPASPPKIFSYQVYEDATALDCAPSYSYLTGLDQPNKVTAVLDTPIIIGWALQQGYYVVSSDHEGFKAAYNAGYEEGMAILDGIRALKNYQNLPSDSKVALEGYSGGAHATVWATSLADSYAPELNIVGASHGGTPVSAKDTFTFLNGGPFAGGALAGVSGLSLAHPDMESFIEARLNAKGQQTLKQIRGRGFCLPQVVLTYPFLNVFSLVNDTNLLNEAPIAGILKQETVVQAEASYTVSVPKFPRFIWHAIPDEIVPYQPAATYVKEQCAKGANINFSPYPIAEHLTAEIFGLVPSLWFIKQAFDGTTPKVICGTPIPAIAGITTPSADQVLGSDLANQLRSLNGKQSAFGKPFGPITP,0.38
2VEO1,CCC(C(=O)Oc1ccc([N+](=O)[O-])cc1)c1ccc(C)cc1,AALPNPYDDPFYTTPSNIGTFAKGQVIQSRKVPTDIGNANNAASFQLQYRTTNTQNEAVADVATVWIPAKPASPPKIFSYQVYEDATALDCAPSYSYLTGLDQPNKVTAVLDTPIIIGWALQQGYYVVSSDHEGFKAAFIAGYEEGMAILDGIRALKNYQNLPSDSKVALEGYSGGAHATVWATSLADSYAPELNIVGASHGGTPVSAKDTFTFLNGGPFAGGALAGVSGLSLAHPDMESFIEARLNAKGQQTLKQIRGRGFCLPQVVLTYPFLNVFSLVNDTNLLNEAPIAGILKQETVVQAEASYTVSVPKFPRFIWHAIPDEIVPYQPAATYVKEQCAKGANINFSPYPIAEHLTAEIFGLVPSLWFIKQAFDGTTPKVICGTPIPAIAGITTPSADQVLGSDLANQLRSLNGKQSAFGKPFGPITP,0.2
2VEO2,CCC(C(=O)Oc1ccc([N+](=O)[O-])cc1)c1ccc(C)cc1,AALPNPYDDPFYTTPSNIGTFAKGQVIQSRKVPTDIGNANNAASFQLQYRTTNTQNEAVADVATVWIPAKPASPPKIFSYQVYEDATALDCAPSYSYLTGLDQPNKVTAVLDTPIIIGWALQQGYYVVSSDHEGFKAAYNAGYEEGMAILDGIRALKNYQNLPSDSKVALEGYSGGAHATVWATSLADSYAPELNIVGASHGGTPVSAKDTFTFLNGGPFAGGALAGVSGLSLAHPDMESFIEARLNAKGQQTLKQIRGRGFCLPQVVLTYPFLNVFSLVNDTNLLNEAPIAGILKQETVVQAEASYTVSVPKFPRFIWHAIPDEIVPYQPAATYVKEQCAKGANINFSPYPIAEHLTAEIFGLVPSLWFIKQAFDGTTPKVICGTPIPAIAGITTPSADQVLGSDLANQLRSLNGKQSAFGKPFGPITP,0.17
2VEO0,CCCC(C(=O)Oc1ccc([N+](=O)[O-])cc1)c1ccc(C)cc1,AALPNPYDDPFYTTPSNIGTFAKGQVIQSRKVPTDIGNANNAASFQLQYRTTNTQNEAVADVATVWIPAKPASPPKIFSYQVYEDATALDCAPSYSYLTGLDQPNKVTAVLDTPIIIGWALQQGYYVVSSDHEGFKAAFIAGYEEGMAILDGIRALKNYQNLPSDSKVALEGYSGGAHATVWATSLADSYAPELNIVGASHGGTPVSAKDTFTFLNGGPFAGFALAGVSGLSLAHPDMESFIEARLNAKGQQTLKQIRGRGFCLPQVVLTYPFLNVFSLVNDTNLLNEAPIAGILKQETVVQAEASYTVSVPKFPRFIWHAIPDEIVPYQPAATYVKEQCAKGANINFSPYPIAEHLTAEIFGLVPSLWFIKQAFDGTTPKVICGTPIPAIAGITTPSADQVLGSDLANQLRSLNGKQSAFGKPFGPITP,0.11
2VEO1,CCCC(C(=O)Oc1ccc([N+](=O)[O-])cc1)c1ccc(C)cc1,AALPNPYDDPFYTTPSNIGTFAKGQVIQSRKVPTDIGNANNAASFQLQYRTTNTQNEAVADVATVWIPAKPASPPKIFSYQVYEDATALDCAPSYSYLTGLDQPNKVTAVLDTPIIIGWALQQGYYVVSSDHEGFKAAFIAGYEEGMAILDGIRALKNYQNLPSDSKVALEGYSGGAHATVWATSLADSYAPELNIVGASHGGTPVSAKDTFTFLNGGPFAGGALAGVSGLSLAHPDMESFIEARLNAKGQQTLKQIRGRGFCLPQVVLTYPFLNVFSLVNDTNLLNEAPIAGILKQETVVQAEASYTVSVPKFPRFIWHAIPDEIVPYQPAATYVKEQCAKGANINFSPYPIAEHLTAEIFGLVPSLWFIKQAFDGTTPKVICGTPIPAIAGITTPSADQVLGSDLANQLRSLNGKQSAFGKPFGPITP,0.26
2VEO0,CC(Cc1ccccc1)C(=O)Oc1ccc([N+](=O)[O-])cc1,AALPNPYDDPFYTTPSNIGTFAKGQVIQSRKVPTDIGNANNAASFQLQYRTTNTQNEAVADVATVWIPAKPASPPKIFSYQVYEDATALDCAPSYSYLTGLDQPNKVTAVLDTPIIIGWALQQGYYVVSSDHEGFKAAFIAGYEEGMAILDGIRALKNYQNLPSDSKVALEGYSGGAHATVWATSLADSYAPELNIVGASHGGTPVSAKDTFTFLNGGPFAGFALAGVSGLSLAHPDMESFIEARLNAKGQQTLKQIRGRGFCLPQVVLTYPFLNVFSLVNDTNLLNEAPIAGILKQETVVQAEASYTVSVPKFPRFIWHAIPDEIVPYQPAATYVKEQCAKGANINFSPYPIAEHLTAEIFGLVPSLWFIKQAFDGTTPKVICGTPIPAIAGITTPSADQVLGSDLANQLRSLNGKQSAFGKPFGPITP,0.07
2VEO2,CC(Cc1ccccc1)C(=O)Oc1ccc([N+](=O)[O-])cc1,AALPNPYDDPFYTTPSNIGTFAKGQVIQSRKVPTDIGNANNAASFQLQYRTTNTQNEAVADVATVWIPAKPASPPKIFSYQVYEDATALDCAPSYSYLTGLDQPNKVTAVLDTPIIIGWALQQGYYVVSSDHEGFKAAYNAGYEEGMAILDGIRALKNYQNLPSDSKVALEGYSGGAHATVWATSLADSYAPELNIVGASHGGTPVSAKDTFTFLNGGPFAGGALAGVSGLSLAHPDMESFIEARLNAKGQQTLKQIRGRGFCLPQVVLTYPFLNVFSLVNDTNLLNEAPIAGILKQETVVQAEASYTVSVPKFPRFIWHAIPDEIVPYQPAATYVKEQCAKGANINFSPYPIAEHLTAEIFGLVPSLWFIKQAFDGTTPKVICGTPIPAIAGITTPSADQVLGSDLANQLRSLNGKQSAFGKPFGPITP,0.27
2VEO0,CCCCCC(C)C(=O)Oc1ccc([N+](=O)[O-])cc1,AALPNPYDDPFYTTPSNIGTFAKGQVIQSRKVPTDIGNANNAASFQLQYRTTNTQNEAVADVATVWIPAKPASPPKIFSYQVYEDATALDCAPSYSYLTGLDQPNKVTAVLDTPIIIGWALQQGYYVVSSDHEGFKAAFIAGYEEGMAILDGIRALKNYQNLPSDSKVALEGYSGGAHATVWATSLADSYAPELNIVGASHGGTPVSAKDTFTFLNGGPFAGFALAGVSGLSLAHPDMESFIEARLNAKGQQTLKQIRGRGFCLPQVVLTYPFLNVFSLVNDTNLLNEAPIAGILKQETVVQAEASYTVSVPKFPRFIWHAIPDEIVPYQPAATYVKEQCAKGANINFSPYPIAEHLTAEIFGLVPSLWFIKQAFDGTTPKVICGTPIPAIAGITTPSADQVLGSDLANQLRSLNGKQSAFGKPFGPITP,0.18
2VEO1,CCCCCC(C)C(=O)Oc1ccc([N+](=O)[O-])cc1,AALPNPYDDPFYTTPSNIGTFAKGQVIQSRKVPTDIGNANNAASFQLQYRTTNTQNEAVADVATVWIPAKPASPPKIFSYQVYEDATALDCAPSYSYLTGLDQPNKVTAVLDTPIIIGWALQQGYYVVSSDHEGFKAAFIAGYEEGMAILDGIRALKNYQNLPSDSKVALEGYSGGAHATVWATSLADSYAPELNIVGASHGGTPVSAKDTFTFLNGGPFAGGALAGVSGLSLAHPDMESFIEARLNAKGQQTLKQIRGRGFCLPQVVLTYPFLNVFSLVNDTNLLNEAPIAGILKQETVVQAEASYTVSVPKFPRFIWHAIPDEIVPYQPAATYVKEQCAKGANINFSPYPIAEHLTAEIFGLVPSLWFIKQAFDGTTPKVICGTPIPAIAGITTPSADQVLGSDLANQLRSLNGKQSAFGKPFGPITP,0.28
2VEO2,CCCCCC(C)C(=O)Oc1ccc([N+](=O)[O-])cc1,AALPNPYDDPFYTTPSNIGTFAKGQVIQSRKVPTDIGNANNAASFQLQYRTTNTQNEAVADVATVWIPAKPASPPKIFSYQVYEDATALDCAPSYSYLTGLDQPNKVTAVLDTPIIIGWALQQGYYVVSSDHEGFKAAYNAGYEEGMAILDGIRALKNYQNLPSDSKVALEGYSGGAHATVWATSLADSYAPELNIVGASHGGTPVSAKDTFTFLNGGPFAGGALAGVSGLSLAHPDMESFIEARLNAKGQQTLKQIRGRGFCLPQVVLTYPFLNVFSLVNDTNLLNEAPIAGILKQETVVQAEASYTVSVPKFPRFIWHAIPDEIVPYQPAATYVKEQCAKGANINFSPYPIAEHLTAEIFGLVPSLWFIKQAFDGTTPKVICGTPIPAIAGITTPSADQVLGSDLANQLRSLNGKQSAFGKPFGPITP,0.31
2VEO0,CCCCC(CC)C(=O)Oc1ccc([N+](=O)[O-])cc1,AALPNPYDDPFYTTPSNIGTFAKGQVIQSRKVPTDIGNANNAASFQLQYRTTNTQNEAVADVATVWIPAKPASPPKIFSYQVYEDATALDCAPSYSYLTGLDQPNKVTAVLDTPIIIGWALQQGYYVVSSDHEGFKAAFIAGYEEGMAILDGIRALKNYQNLPSDSKVALEGYSGGAHATVWATSLADSYAPELNIVGASHGGTPVSAKDTFTFLNGGPFAGFALAGVSGLSLAHPDMESFIEARLNAKGQQTLKQIRGRGFCLPQVVLTYPFLNVFSLVNDTNLLNEAPIAGILKQETVVQAEASYTVSVPKFPRFIWHAIPDEIVPYQPAATYVKEQCAKGANINFSPYPIAEHLTAEIFGLVPSLWFIKQAFDGTTPKVICGTPIPAIAGITTPSADQVLGSDLANQLRSLNGKQSAFGKPFGPITP,0.14
2VEO1,CCCCC(CC)C(=O)Oc1ccc([N+](=O)[O-])cc1,AALPNPYDDPFYTTPSNIGTFAKGQVIQSRKVPTDIGNANNAASFQLQYRTTNTQNEAVADVATVWIPAKPASPPKIFSYQVYEDATALDCAPSYSYLTGLDQPNKVTAVLDTPIIIGWALQQGYYVVSSDHEGFKAAFIAGYEEGMAILDGIRALKNYQNLPSDSKVALEGYSGGAHATVWATSLADSYAPELNIVGASHGGTPVSAKDTFTFLNGGPFAGGALAGVSGLSLAHPDMESFIEARLNAKGQQTLKQIRGRGFCLPQVVLTYPFLNVFSLVNDTNLLNEAPIAGILKQETVVQAEASYTVSVPKFPRFIWHAIPDEIVPYQPAATYVKEQCAKGANINFSPYPIAEHLTAEIFGLVPSLWFIKQAFDGTTPKVICGTPIPAIAGITTPSADQVLGSDLANQLRSLNGKQSAFGKPFGPITP,0.09
2VEO2,CCOC(=O)C(C)c1ccccc1,AALPNPYDDPFYTTPSNIGTFAKGQVIQSRKVPTDIGNANNAASFQLQYRTTNTQNEAVADVATVWIPAKPASPPKIFSYQVYEDATALDCAPSYSYLTGLDQPNKVTAVLDTPIIIGWALQQGYYVVSSDHEGFKAAYNAGYEEGMAILDGIRALKNYQNLPSDSKVALEGYSGGAHATVWATSLADSYAPELNIVGASHGGTPVSAKDTFTFLNGGPFAGGALAGVSGLSLAHPDMESFIEARLNAKGQQTLKQIRGRGFCLPQVVLTYPFLNVFSLVNDTNLLNEAPIAGILKQETVVQAEASYTVSVPKFPRFIWHAIPDEIVPYQPAATYVKEQCAKGANINFSPYPIAEHLTAEIFGLVPSLWFIKQAFDGTTPKVICGTPIPAIAGITTPSADQVLGSDLANQLRSLNGKQSAFGKPFGPITP,0.14
2VEO2,CCCCCCCCCOC(=O)C(C)c1ccccc1,AALPNPYDDPFYTTPSNIGTFAKGQVIQSRKVPTDIGNANNAASFQLQYRTTNTQNEAVADVATVWIPAKPASPPKIFSYQVYEDATALDCAPSYSYLTGLDQPNKVTAVLDTPIIIGWALQQGYYVVSSDHEGFKAAYNAGYEEGMAILDGIRALKNYQNLPSDSKVALEGYSGGAHATVWATSLADSYAPELNIVGASHGGTPVSAKDTFTFLNGGPFAGGALAGVSGLSLAHPDMESFIEARLNAKGQQTLKQIRGRGFCLPQVVLTYPFLNVFSLVNDTNLLNEAPIAGILKQETVVQAEASYTVSVPKFPRFIWHAIPDEIVPYQPAATYVKEQCAKGANINFSPYPIAEHLTAEIFGLVPSLWFIKQAFDGTTPKVICGTPIPAIAGITTPSADQVLGSDLANQLRSLNGKQSAFGKPFGPITP,0.21
2VEO2,CC(C(=O)Oc1ccccc1)c1ccccc1,AALPNPYDDPFYTTPSNIGTFAKGQVIQSRKVPTDIGNANNAASFQLQYRTTNTQNEAVADVATVWIPAKPASPPKIFSYQVYEDATALDCAPSYSYLTGLDQPNKVTAVLDTPIIIGWALQQGYYVVSSDHEGFKAAYNAGYEEGMAILDGIRALKNYQNLPSDSKVALEGYSGGAHATVWATSLADSYAPELNIVGASHGGTPVSAKDTFTFLNGGPFAGGALAGVSGLSLAHPDMESFIEARLNAKGQQTLKQIRGRGFCLPQVVLTYPFLNVFSLVNDTNLLNEAPIAGILKQETVVQAEASYTVSVPKFPRFIWHAIPDEIVPYQPAATYVKEQCAKGANINFSPYPIAEHLTAEIFGLVPSLWFIKQAFDGTTPKVICGTPIPAIAGITTPSADQVLGSDLANQLRSLNGKQSAFGKPFGPITP,0.22
